1780789226687,0,,Non HTTP response code: java.net.MalformedURLException,Non HTTP response message: Illegal character found in host: '{',8 - [SIN RL] Sustained 4-1,false,,875,null,0
1780789226702,0,,Non HTTP response code: java.net.MalformedURLException,Non HTTP response message: Illegal character found in host: '{',8 - [SIN RL] Sustained 4-1,false,,875,null,0
1780789226705,0,,Non HTTP response code: java.net.MalformedURLException,Non HTTP response message: Illegal character found in host: '{',8 - [SIN RL] Sustained 4-1,false,,875,null,0
1780789226706,0,,Non HTTP response code: java.net.MalformedURLException,Non HTTP response message: Illegal character found in host: '{',8 - [SIN RL] Sustained 4-1,false,,875,null,0
1780789226706,0,,Non HTTP response code: java.net.MalformedURLException,Non HTTP response message: Illegal character found in host: '{',8 - [SIN RL] Sustained 4-1,false,,875,null,0
1780789226706,0,,Non HTTP response code: java.net.MalformedURLException,Non HTTP response message: Illegal character found in host: '{',8 - [SIN RL] Sustained 4-1,false,,875,null,0
1780789226707,0,,Non HTTP response code: java.net.MalformedURLException,Non HTTP response message: Illegal character found in host: '{',8 - [SIN RL] Sustained 4-1,false,,875,null,0
1780789226709,0,,Non HTTP response code: java.net.MalformedURLException,Non HTTP response message: Illegal character found in host: '{',8 - [SIN RL] Sustained 4-1,false,,875,null,0
1780789226710,0,,Non HTTP response code: java.net.MalformedURLException,Non HTTP response message: Illegal character found in host: '{',8 - [SIN RL] Sustained 4-1,false,,875,null,0
1780789226710,0,,Non HTTP response code: java.net.MalformedURLException,Non HTTP response message: Illegal character found in host: '{',8 - [SIN RL] Sustained 4-1,false,,875,null,0
1780789226710,0,,Non HTTP response code: java.net.MalformedURLException,Non HTTP response message: Illegal character found in host: '{',8 - [SIN RL] Sustained 4-1,false,,875,null,0
1780789226711,0,,Non HTTP response code: java.net.MalformedURLException,Non HTTP response message: Illegal character found in host: '{',8 - [SIN RL] Sustained 4-1,false,,875,null,0
1780789226711,0,,Non HTTP response code: java.net.MalformedURLException,Non HTTP response message: Illegal character found in host: '{',8 - [SIN RL] Sustained 4-1,false,,875,null,0
1780789226711,0,,Non HTTP response code: java.net.MalformedURLException,Non HTTP response message: Illegal character found in host: '{',8 - [SIN RL] Sustained 4-1,false,,875,null,0
1780789226712,0,,Non HTTP response code: java.net.MalformedURLException,Non HTTP response message: Illegal character found in host: '{',8 - [SIN RL] Sustained 4-1,false,,875,null,0
1780789226712,0,,Non HTTP response code: java.net.MalformedURLException,Non HTTP response message: Illegal character found in host: '{',8 - [SIN RL] Sustained 4-1,false,,875,null,0
1780789226712,0,,Non HTTP response code: java.net.MalformedURLException,Non HTTP response message: Illegal character found in host: '{',8 - [SIN RL] Sustained 4-1,false,,875,null,0
1780789226712,0,,Non HTTP response code: java.net.MalformedURLException,Non HTTP response message: Illegal character found in host: '{',8 - [SIN RL] Sustained 4-1,false,,875,null,0
1780789226712,0,,Non HTTP response code: java.net.MalformedURLException,Non HTTP response message: Illegal character found in host: '{',8 - [SIN RL] Sustained 4-1,false,,875,null,0
1780789226715,0,,Non HTTP response code: java.net.MalformedURLException,Non HTTP response message: Illegal character found in host: '{',8 - [SIN RL] Sustained 4-1,false,,875,null,0
1780789230682,0,,Non HTTP response code: java.net.MalformedURLException,Non HTTP response message: Illegal character found in host: '{',8 - [SIN RL] Sustained 4-2,false,,875,null,0
1780789230683,0,,Non HTTP response code: java.net.MalformedURLException,Non HTTP response message: Illegal character found in host: '{',8 - [SIN RL] Sustained 4-2,false,,875,null,0
1780789230683,0,,Non HTTP response code: java.net.MalformedURLException,Non HTTP response message: Illegal character found in host: '{',8 - [SIN RL] Sustained 4-2,false,,875,null,0
1780789230683,0,,Non HTTP response code: java.net.MalformedURLException,Non HTTP response message: Illegal character found in host: '{',8 - [SIN RL] Sustained 4-2,false,,875,null,0
1780789230683,0,,Non HTTP response code: java.net.MalformedURLException,Non HTTP response message: Illegal character found in host: '{',8 - [SIN RL] Sustained 4-2,false,,875,null,0
1780789230683,0,,Non HTTP response code: java.net.MalformedURLException,Non HTTP response message: Illegal character found in host: '{',8 - [SIN RL] Sustained 4-2,false,,875,null,0
1780789230684,0,,Non HTTP response code: java.net.MalformedURLException,Non HTTP response message: Illegal character found in host: '{',8 - [SIN RL] Sustained 4-2,false,,875,null,0
1780789230684,0,,Non HTTP response code: java.net.MalformedURLException,Non HTTP response message: Illegal character found in host: '{',8 - [SIN RL] Sustained 4-2,false,,875,null,0
1780789230684,0,,Non HTTP response code: java.net.MalformedURLException,Non HTTP response message: Illegal character found in host: '{',8 - [SIN RL] Sustained 4-2,false,,875,null,0
1780789230684,0,,Non HTTP response code: java.net.MalformedURLException,Non HTTP response message: Illegal character found in host: '{',8 - [SIN RL] Sustained 4-2,false,,875,null,0
1780789230684,0,,Non HTTP response code: java.net.MalformedURLException,Non HTTP response message: Illegal character found in host: '{',8 - [SIN RL] Sustained 4-2,false,,875,null,0
1780789230684,0,,Non HTTP response code: java.net.MalformedURLException,Non HTTP response message: Illegal character found in host: '{',8 - [SIN RL] Sustained 4-2,false,,875,null,0
1780789230684,0,,Non HTTP response code: java.net.MalformedURLException,Non HTTP response message: Illegal character found in host: '{',8 - [SIN RL] Sustained 4-2,false,,875,null,0
1780789230685,0,,Non HTTP response code: java.net.MalformedURLException,Non HTTP response message: Illegal character found in host: '{',8 - [SIN RL] Sustained 4-2,false,,875,null,0
1780789230685,0,,Non HTTP response code: java.net.MalformedURLException,Non HTTP response message: Illegal character found in host: '{',8 - [SIN RL] Sustained 4-2,false,,875,null,0
1780789230685,0,,Non HTTP response code: java.net.MalformedURLException,Non HTTP response message: Illegal character found in host: '{',8 - [SIN RL] Sustained 4-2,false,,875,null,0
1780789230685,0,,Non HTTP response code: java.net.MalformedURLException,Non HTTP response message: Illegal character found in host: '{',8 - [SIN RL] Sustained 4-2,false,,875,null,0
1780789230685,0,,Non HTTP response code: java.net.MalformedURLException,Non HTTP response message: Illegal character found in host: '{',8 - [SIN RL] Sustained 4-2,false,,875,null,0
1780789230685,0,,Non HTTP response code: java.net.MalformedURLException,Non HTTP response message: Illegal character found in host: '{',8 - [SIN RL] Sustained 4-2,false,,875,null,0
1780789230685,0,,Non HTTP response code: java.net.MalformedURLException,Non HTTP response message: Illegal character found in host: '{',8 - [SIN RL] Sustained 4-2,false,,875,null,0
1780789234682,0,,Non HTTP response code: java.net.MalformedURLException,Non HTTP response message: Illegal character found in host: '{',8 - [SIN RL] Sustained 4-3,false,,875,null,0
1780789234683,0,,Non HTTP response code: java.net.MalformedURLException,Non HTTP response message: Illegal character found in host: '{',8 - [SIN RL] Sustained 4-3,false,,875,null,0
1780789234683,0,,Non HTTP response code: java.net.MalformedURLException,Non HTTP response message: Illegal character found in host: '{',8 - [SIN RL] Sustained 4-3,false,,875,null,0
1780789234683,0,,Non HTTP response code: java.net.MalformedURLException,Non HTTP response message: Illegal character found in host: '{',8 - [SIN RL] Sustained 4-3,false,,875,null,0
1780789234683,0,,Non HTTP response code: java.net.MalformedURLException,Non HTTP response message: Illegal character found in host: '{',8 - [SIN RL] Sustained 4-3,false,,875,null,0
1780789234683,0,,Non HTTP response code: java.net.MalformedURLException,Non HTTP response message: Illegal character found in host: '{',8 - [SIN RL] Sustained 4-3,false,,875,null,0
1780789234683,0,,Non HTTP response code: java.net.MalformedURLException,Non HTTP response message: Illegal character found in host: '{',8 - [SIN RL] Sustained 4-3,false,,875,null,0
1780789234683,0,,Non HTTP response code: java.net.MalformedURLException,Non HTTP response message: Illegal character found in host: '{',8 - [SIN RL] Sustained 4-3,false,,875,null,0
1780789234683,0,,Non HTTP response code: java.net.MalformedURLException,Non HTTP response message: Illegal character found in host: '{',8 - [SIN RL] Sustained 4-3,false,,875,null,0
1780789234683,0,,Non HTTP response code: java.net.MalformedURLException,Non HTTP response message: Illegal character found in host: '{',8 - [SIN RL] Sustained 4-3,false,,875,null,0
1780789234683,0,,Non HTTP response code: java.net.MalformedURLException,Non HTTP response message: Illegal character found in host: '{',8 - [SIN RL] Sustained 4-3,false,,875,null,0
1780789234684,0,,Non HTTP response code: java.net.MalformedURLException,Non HTTP response message: Illegal character found in host: '{',8 - [SIN RL] Sustained 4-3,false,,875,null,0
1780789234684,0,,Non HTTP response code: java.net.MalformedURLException,Non HTTP response message: Illegal character found in host: '{',8 - [SIN RL] Sustained 4-3,false,,875,null,0
1780789234684,0,,Non HTTP response code: java.net.MalformedURLException,Non HTTP response message: Illegal character found in host: '{',8 - [SIN RL] Sustained 4-3,false,,875,null,0
1780789234684,0,,Non HTTP response code: java.net.MalformedURLException,Non HTTP response message: Illegal character found in host: '{',8 - [SIN RL] Sustained 4-3,false,,875,null,0
1780789234684,0,,Non HTTP response code: java.net.MalformedURLException,Non HTTP response message: Illegal character found in host: '{',8 - [SIN RL] Sustained 4-3,false,,875,null,0
1780789234684,0,,Non HTTP response code: java.net.MalformedURLException,Non HTTP response message: Illegal character found in host: '{',8 - [SIN RL] Sustained 4-3,false,,875,null,0
1780789234684,0,,Non HTTP response code: java.net.MalformedURLException,Non HTTP response message: Illegal character found in host: '{',8 - [SIN RL] Sustained 4-3,false,,875,null,0
1780789234684,0,,Non HTTP response code: java.net.MalformedURLException,Non HTTP response message: Illegal character found in host: '{',8 - [SIN RL] Sustained 4-3,false,,875,null,0
1780789234684,0,,Non HTTP response code: java.net.MalformedURLException,Non HTTP response message: Illegal character found in host: '{',8 - [SIN RL] Sustained 4-3,false,,875,null,0
1780789238683,0,,Non HTTP response code: java.net.MalformedURLException,Non HTTP response message: Illegal character found in host: '{',8 - [SIN RL] Sustained 4-4,false,,875,null,0
1780789238683,0,,Non HTTP response code: java.net.MalformedURLException,Non HTTP response message: Illegal character found in host: '{',8 - [SIN RL] Sustained 4-4,false,,875,null,0
1780789238683,0,,Non HTTP response code: java.net.MalformedURLException,Non HTTP response message: Illegal character found in host: '{',8 - [SIN RL] Sustained 4-4,false,,875,null,0
1780789238683,0,,Non HTTP response code: java.net.MalformedURLException,Non HTTP response message: Illegal character found in host: '{',8 - [SIN RL] Sustained 4-4,false,,875,null,0
1780789238683,0,,Non HTTP response code: java.net.MalformedURLException,Non HTTP response message: Illegal character found in host: '{',8 - [SIN RL] Sustained 4-4,false,,875,null,0
1780789238684,0,,Non HTTP response code: java.net.MalformedURLException,Non HTTP response message: Illegal character found in host: '{',8 - [SIN RL] Sustained 4-4,false,,875,null,0
1780789238684,0,,Non HTTP response code: java.net.MalformedURLException,Non HTTP response message: Illegal character found in host: '{',8 - [SIN RL] Sustained 4-4,false,,875,null,0
1780789238684,0,,Non HTTP response code: java.net.MalformedURLException,Non HTTP response message: Illegal character found in host: '{',8 - [SIN RL] Sustained 4-4,false,,875,null,0
1780789238684,0,,Non HTTP response code: java.net.MalformedURLException,Non HTTP response message: Illegal character found in host: '{',8 - [SIN RL] Sustained 4-4,false,,875,null,0
1780789238684,0,,Non HTTP response code: java.net.MalformedURLException,Non HTTP response message: Illegal character found in host: '{',8 - [SIN RL] Sustained 4-4,false,,875,null,0
1780789238684,0,,Non HTTP response code: java.net.MalformedURLException,Non HTTP response message: Illegal character found in host: '{',8 - [SIN RL] Sustained 4-4,false,,875,null,0
1780789238684,0,,Non HTTP response code: java.net.MalformedURLException,Non HTTP response message: Illegal character found in host: '{',8 - [SIN RL] Sustained 4-4,false,,875,null,0
1780789238684,0,,Non HTTP response code: java.net.MalformedURLException,Non HTTP response message: Illegal character found in host: '{',8 - [SIN RL] Sustained 4-4,false,,875,null,0
1780789238684,0,,Non HTTP response code: java.net.MalformedURLException,Non HTTP response message: Illegal character found in host: '{',8 - [SIN RL] Sustained 4-4,false,,875,null,0
1780789238684,0,,Non HTTP response code: java.net.MalformedURLException,Non HTTP response message: Illegal character found in host: '{',8 - [SIN RL] Sustained 4-4,false,,875,null,0
1780789238684,0,,Non HTTP response code: java.net.MalformedURLException,Non HTTP response message: Illegal character found in host: '{',8 - [SIN RL] Sustained 4-4,false,,875,null,0
1780789238684,0,,Non HTTP response code: java.net.MalformedURLException,Non HTTP response message: Illegal character found in host: '{',8 - [SIN RL] Sustained 4-4,false,,875,null,0
1780789238684,0,,Non HTTP response code: java.net.MalformedURLException,Non HTTP response message: Illegal character found in host: '{',8 - [SIN RL] Sustained 4-4,false,,875,null,0
1780789238685,0,,Non HTTP response code: java.net.MalformedURLException,Non HTTP response message: Illegal character found in host: '{',8 - [SIN RL] Sustained 4-4,false,,875,null,0
1780789238685,0,,Non HTTP response code: java.net.MalformedURLException,Non HTTP response message: Illegal character found in host: '{',8 - [SIN RL] Sustained 4-4,false,,875,null,0
1780789242683,0,,Non HTTP response code: java.net.MalformedURLException,Non HTTP response message: Illegal character found in host: '{',8 - [SIN RL] Sustained 4-5,false,,875,null,0
1780789242683,0,,Non HTTP response code: java.net.MalformedURLException,Non HTTP response message: Illegal character found in host: '{',8 - [SIN RL] Sustained 4-5,false,,875,null,0
1780789242683,0,,Non HTTP response code: java.net.MalformedURLException,Non HTTP response message: Illegal character found in host: '{',8 - [SIN RL] Sustained 4-5,false,,875,null,0
1780789242684,0,,Non HTTP response code: java.net.MalformedURLException,Non HTTP response message: Illegal character found in host: '{',8 - [SIN RL] Sustained 4-5,false,,875,null,0
1780789242684,0,,Non HTTP response code: java.net.MalformedURLException,Non HTTP response message: Illegal character found in host: '{',8 - [SIN RL] Sustained 4-5,false,,875,null,0
1780789242684,0,,Non HTTP response code: java.net.MalformedURLException,Non HTTP response message: Illegal character found in host: '{',8 - [SIN RL] Sustained 4-5,false,,875,null,0
1780789242684,0,,Non HTTP response code: java.net.MalformedURLException,Non HTTP response message: Illegal character found in host: '{',8 - [SIN RL] Sustained 4-5,false,,875,null,0
1780789242684,0,,Non HTTP response code: java.net.MalformedURLException,Non HTTP response message: Illegal character found in host: '{',8 - [SIN RL] Sustained 4-5,false,,875,null,0
1780789242684,0,,Non HTTP response code: java.net.MalformedURLException,Non HTTP response message: Illegal character found in host: '{',8 - [SIN RL] Sustained 4-5,false,,875,null,0
1780789242684,0,,Non HTTP response code: java.net.MalformedURLException,Non HTTP response message: Illegal character found in host: '{',8 - [SIN RL] Sustained 4-5,false,,875,null,0
1780789242684,0,,Non HTTP response code: java.net.MalformedURLException,Non HTTP response message: Illegal character found in host: '{',8 - [SIN RL] Sustained 4-5,false,,875,null,0
1780789242684,0,,Non HTTP response code: java.net.MalformedURLException,Non HTTP response message: Illegal character found in host: '{',8 - [SIN RL] Sustained 4-5,false,,875,null,0
1780789242684,0,,Non HTTP response code: java.net.MalformedURLException,Non HTTP response message: Illegal character found in host: '{',8 - [SIN RL] Sustained 4-5,false,,875,null,0
1780789242684,0,,Non HTTP response code: java.net.MalformedURLException,Non HTTP response message: Illegal character found in host: '{',8 - [SIN RL] Sustained 4-5,false,,875,null,0
1780789242685,0,,Non HTTP response code: java.net.MalformedURLException,Non HTTP response message: Illegal character found in host: '{',8 - [SIN RL] Sustained 4-5,false,,875,null,0
1780789242685,0,,Non HTTP response code: java.net.MalformedURLException,Non HTTP response message: Illegal character found in host: '{',8 - [SIN RL] Sustained 4-5,false,,875,null,0
1780789242685,0,,Non HTTP response code: java.net.MalformedURLException,Non HTTP response message: Illegal character found in host: '{',8 - [SIN RL] Sustained 4-5,false,,875,null,0
1780789242685,0,,Non HTTP response code: java.net.MalformedURLException,Non HTTP response message: Illegal character found in host: '{',8 - [SIN RL] Sustained 4-5,false,,875,null,0
1780789242685,0,,Non HTTP response code: java.net.MalformedURLException,Non HTTP response message: Illegal character found in host: '{',8 - [SIN RL] Sustained 4-5,false,,875,null,0
1780789242685,0,,Non HTTP response code: java.net.MalformedURLException,Non HTTP response message: Illegal character found in host: '{',8 - [SIN RL] Sustained 4-5,false,,875,null,0
1780789246689,0,,Non HTTP response code: java.net.MalformedURLException,Non HTTP response message: Illegal character found in host: '{',8 - [SIN RL] Sustained 4-6,false,,875,null,0
1780789246690,0,,Non HTTP response code: java.net.MalformedURLException,Non HTTP response message: Illegal character found in host: '{',8 - [SIN RL] Sustained 4-6,false,,875,null,0
1780789246690,0,,Non HTTP response code: java.net.MalformedURLException,Non HTTP response message: Illegal character found in host: '{',8 - [SIN RL] Sustained 4-6,false,,875,null,0
1780789246690,0,,Non HTTP response code: java.net.MalformedURLException,Non HTTP response message: Illegal character found in host: '{',8 - [SIN RL] Sustained 4-6,false,,875,null,0
1780789246690,0,,Non HTTP response code: java.net.MalformedURLException,Non HTTP response message: Illegal character found in host: '{',8 - [SIN RL] Sustained 4-6,false,,875,null,0
1780789246690,0,,Non HTTP response code: java.net.MalformedURLException,Non HTTP response message: Illegal character found in host: '{',8 - [SIN RL] Sustained 4-6,false,,875,null,0
1780789246690,0,,Non HTTP response code: java.net.MalformedURLException,Non HTTP response message: Illegal character found in host: '{',8 - [SIN RL] Sustained 4-6,false,,875,null,0
1780789246691,0,,Non HTTP response code: java.net.MalformedURLException,Non HTTP response message: Illegal character found in host: '{',8 - [SIN RL] Sustained 4-6,false,,875,null,0
1780789246691,0,,Non HTTP response code: java.net.MalformedURLException,Non HTTP response message: Illegal character found in host: '{',8 - [SIN RL] Sustained 4-6,false,,875,null,0
1780789246691,0,,Non HTTP response code: java.net.MalformedURLException,Non HTTP response message: Illegal character found in host: '{',8 - [SIN RL] Sustained 4-6,false,,875,null,0
1780789246691,0,,Non HTTP response code: java.net.MalformedURLException,Non HTTP response message: Illegal character found in host: '{',8 - [SIN RL] Sustained 4-6,false,,875,null,0
1780789246691,0,,Non HTTP response code: java.net.MalformedURLException,Non HTTP response message: Illegal character found in host: '{',8 - [SIN RL] Sustained 4-6,false,,875,null,0
1780789246691,0,,Non HTTP response code: java.net.MalformedURLException,Non HTTP response message: Illegal character found in host: '{',8 - [SIN RL] Sustained 4-6,false,,875,null,0
1780789246691,0,,Non HTTP response code: java.net.MalformedURLException,Non HTTP response message: Illegal character found in host: '{',8 - [SIN RL] Sustained 4-6,false,,875,null,0
1780789246691,0,,Non HTTP response code: java.net.MalformedURLException,Non HTTP response message: Illegal character found in host: '{',8 - [SIN RL] Sustained 4-6,false,,875,null,0
1780789246691,0,,Non HTTP response code: java.net.MalformedURLException,Non HTTP response message: Illegal character found in host: '{',8 - [SIN RL] Sustained 4-6,false,,875,null,0
1780789246692,0,,Non HTTP response code: java.net.MalformedURLException,Non HTTP response message: Illegal character found in host: '{',8 - [SIN RL] Sustained 4-6,false,,875,null,0
1780789246692,0,,Non HTTP response code: java.net.MalformedURLException,Non HTTP response message: Illegal character found in host: '{',8 - [SIN RL] Sustained 4-6,false,,875,null,0
1780789246692,0,,Non HTTP response code: java.net.MalformedURLException,Non HTTP response message: Illegal character found in host: '{',8 - [SIN RL] Sustained 4-6,false,,875,null,0
1780789246692,0,,Non HTTP response code: java.net.MalformedURLException,Non HTTP response message: Illegal character found in host: '{',8 - [SIN RL] Sustained 4-6,false,,875,null,0
1780789250690,0,,Non HTTP response code: java.net.MalformedURLException,Non HTTP response message: Illegal character found in host: '{',8 - [SIN RL] Sustained 4-7,false,,875,null,0
1780789250690,0,,Non HTTP response code: java.net.MalformedURLException,Non HTTP response message: Illegal character found in host: '{',8 - [SIN RL] Sustained 4-7,false,,875,null,0
1780789250690,0,,Non HTTP response code: java.net.MalformedURLException,Non HTTP response message: Illegal character found in host: '{',8 - [SIN RL] Sustained 4-7,false,,875,null,0
1780789250691,0,,Non HTTP response code: java.net.MalformedURLException,Non HTTP response message: Illegal character found in host: '{',8 - [SIN RL] Sustained 4-7,false,,875,null,0
1780789250691,0,,Non HTTP response code: java.net.MalformedURLException,Non HTTP response message: Illegal character found in host: '{',8 - [SIN RL] Sustained 4-7,false,,875,null,0
1780789250691,0,,Non HTTP response code: java.net.MalformedURLException,Non HTTP response message: Illegal character found in host: '{',8 - [SIN RL] Sustained 4-7,false,,875,null,0
1780789250691,0,,Non HTTP response code: java.net.MalformedURLException,Non HTTP response message: Illegal character found in host: '{',8 - [SIN RL] Sustained 4-7,false,,875,null,0
1780789250691,0,,Non HTTP response code: java.net.MalformedURLException,Non HTTP response message: Illegal character found in host: '{',8 - [SIN RL] Sustained 4-7,false,,875,null,0
1780789250691,0,,Non HTTP response code: java.net.MalformedURLException,Non HTTP response message: Illegal character found in host: '{',8 - [SIN RL] Sustained 4-7,false,,875,null,0
1780789250692,0,,Non HTTP response code: java.net.MalformedURLException,Non HTTP response message: Illegal character found in host: '{',8 - [SIN RL] Sustained 4-7,false,,875,null,0
1780789250692,0,,Non HTTP response code: java.net.MalformedURLException,Non HTTP response message: Illegal character found in host: '{',8 - [SIN RL] Sustained 4-7,false,,875,null,0
1780789250692,0,,Non HTTP response code: java.net.MalformedURLException,Non HTTP response message: Illegal character found in host: '{',8 - [SIN RL] Sustained 4-7,false,,875,null,0
1780789250692,0,,Non HTTP response code: java.net.MalformedURLException,Non HTTP response message: Illegal character found in host: '{',8 - [SIN RL] Sustained 4-7,false,,875,null,0
1780789250692,0,,Non HTTP response code: java.net.MalformedURLException,Non HTTP response message: Illegal character found in host: '{',8 - [SIN RL] Sustained 4-7,false,,875,null,0
1780789250692,0,,Non HTTP response code: java.net.MalformedURLException,Non HTTP response message: Illegal character found in host: '{',8 - [SIN RL] Sustained 4-7,false,,875,null,0
1780789250692,0,,Non HTTP response code: java.net.MalformedURLException,Non HTTP response message: Illegal character found in host: '{',8 - [SIN RL] Sustained 4-7,false,,875,null,0
1780789250692,0,,Non HTTP response code: java.net.MalformedURLException,Non HTTP response message: Illegal character found in host: '{',8 - [SIN RL] Sustained 4-7,false,,875,null,0
1780789250692,0,,Non HTTP response code: java.net.MalformedURLException,Non HTTP response message: Illegal character found in host: '{',8 - [SIN RL] Sustained 4-7,false,,875,null,0
1780789250692,0,,Non HTTP response code: java.net.MalformedURLException,Non HTTP response message: Illegal character found in host: '{',8 - [SIN RL] Sustained 4-7,false,,875,null,0
1780789250693,0,,Non HTTP response code: java.net.MalformedURLException,Non HTTP response message: Illegal character found in host: '{',8 - [SIN RL] Sustained 4-7,false,,875,null,0
1780789254696,0,,Non HTTP response code: java.net.MalformedURLException,Non HTTP response message: Illegal character found in host: '{',8 - [SIN RL] Sustained 4-8,false,,875,null,0
1780789254696,0,,Non HTTP response code: java.net.MalformedURLException,Non HTTP response message: Illegal character found in host: '{',8 - [SIN RL] Sustained 4-8,false,,875,null,0
1780789254696,0,,Non HTTP response code: java.net.MalformedURLException,Non HTTP response message: Illegal character found in host: '{',8 - [SIN RL] Sustained 4-8,false,,875,null,0
1780789254696,0,,Non HTTP response code: java.net.MalformedURLException,Non HTTP response message: Illegal character found in host: '{',8 - [SIN RL] Sustained 4-8,false,,875,null,0
1780789254696,0,,Non HTTP response code: java.net.MalformedURLException,Non HTTP response message: Illegal character found in host: '{',8 - [SIN RL] Sustained 4-8,false,,875,null,0
1780789254696,0,,Non HTTP response code: java.net.MalformedURLException,Non HTTP response message: Illegal character found in host: '{',8 - [SIN RL] Sustained 4-8,false,,875,null,0
1780789254696,0,,Non HTTP response code: java.net.MalformedURLException,Non HTTP response message: Illegal character found in host: '{',8 - [SIN RL] Sustained 4-8,false,,875,null,0
1780789254696,0,,Non HTTP response code: java.net.MalformedURLException,Non HTTP response message: Illegal character found in host: '{',8 - [SIN RL] Sustained 4-8,false,,875,null,0
1780789254696,0,,Non HTTP response code: java.net.MalformedURLException,Non HTTP response message: Illegal character found in host: '{',8 - [SIN RL] Sustained 4-8,false,,875,null,0
1780789254696,0,,Non HTTP response code: java.net.MalformedURLException,Non HTTP response message: Illegal character found in host: '{',8 - [SIN RL] Sustained 4-8,false,,875,null,0
1780789254696,0,,Non HTTP response code: java.net.MalformedURLException,Non HTTP response message: Illegal character found in host: '{',8 - [SIN RL] Sustained 4-8,false,,875,null,0
1780789254696,0,,Non HTTP response code: java.net.MalformedURLException,Non HTTP response message: Illegal character found in host: '{',8 - [SIN RL] Sustained 4-8,false,,875,null,0
1780789254696,0,,Non HTTP response code: java.net.MalformedURLException,Non HTTP response message: Illegal character found in host: '{',8 - [SIN RL] Sustained 4-8,false,,875,null,0
1780789254696,0,,Non HTTP response code: java.net.MalformedURLException,Non HTTP response message: Illegal character found in host: '{',8 - [SIN RL] Sustained 4-8,false,,875,null,0
1780789254696,0,,Non HTTP response code: java.net.MalformedURLException,Non HTTP response message: Illegal character found in host: '{',8 - [SIN RL] Sustained 4-8,false,,875,null,0
1780789254696,0,,Non HTTP response code: java.net.MalformedURLException,Non HTTP response message: Illegal character found in host: '{',8 - [SIN RL] Sustained 4-8,false,,875,null,0
1780789254696,0,,Non HTTP response code: java.net.MalformedURLException,Non HTTP response message: Illegal character found in host: '{',8 - [SIN RL] Sustained 4-8,false,,875,null,0
1780789254696,0,,Non HTTP response code: java.net.MalformedURLException,Non HTTP response message: Illegal character found in host: '{',8 - [SIN RL] Sustained 4-8,false,,875,null,0
1780789254696,0,,Non HTTP response code: java.net.MalformedURLException,Non HTTP response message: Illegal character found in host: '{',8 - [SIN RL] Sustained 4-8,false,,875,null,0
1780789254696,0,,Non HTTP response code: java.net.MalformedURLException,Non HTTP response message: Illegal character found in host: '{',8 - [SIN RL] Sustained 4-8,false,,875,null,0
1780789258682,0,,Non HTTP response code: java.net.MalformedURLException,Non HTTP response message: Illegal character found in host: '{',8 - [SIN RL] Sustained 4-9,false,,875,null,0
1780789258682,0,,Non HTTP response code: java.net.MalformedURLException,Non HTTP response message: Illegal character found in host: '{',8 - [SIN RL] Sustained 4-9,false,,875,null,0
1780789258682,0,,Non HTTP response code: java.net.MalformedURLException,Non HTTP response message: Illegal character found in host: '{',8 - [SIN RL] Sustained 4-9,false,,875,null,0
1780789258682,0,,Non HTTP response code: java.net.MalformedURLException,Non HTTP response message: Illegal character found in host: '{',8 - [SIN RL] Sustained 4-9,false,,875,null,0
1780789258682,0,,Non HTTP response code: java.net.MalformedURLException,Non HTTP response message: Illegal character found in host: '{',8 - [SIN RL] Sustained 4-9,false,,875,null,0
1780789258682,0,,Non HTTP response code: java.net.MalformedURLException,Non HTTP response message: Illegal character found in host: '{',8 - [SIN RL] Sustained 4-9,false,,875,null,0
1780789258682,0,,Non HTTP response code: java.net.MalformedURLException,Non HTTP response message: Illegal character found in host: '{',8 - [SIN RL] Sustained 4-9,false,,875,null,0
1780789258682,0,,Non HTTP response code: java.net.MalformedURLException,Non HTTP response message: Illegal character found in host: '{',8 - [SIN RL] Sustained 4-9,false,,875,null,0
1780789258682,0,,Non HTTP response code: java.net.MalformedURLException,Non HTTP response message: Illegal character found in host: '{',8 - [SIN RL] Sustained 4-9,false,,875,null,0
1780789258683,0,,Non HTTP response code: java.net.MalformedURLException,Non HTTP response message: Illegal character found in host: '{',8 - [SIN RL] Sustained 4-9,false,,875,null,0
1780789258683,0,,Non HTTP response code: java.net.MalformedURLException,Non HTTP response message: Illegal character found in host: '{',8 - [SIN RL] Sustained 4-9,false,,875,null,0
1780789258683,0,,Non HTTP response code: java.net.MalformedURLException,Non HTTP response message: Illegal character found in host: '{',8 - [SIN RL] Sustained 4-9,false,,875,null,0
1780789258683,0,,Non HTTP response code: java.net.MalformedURLException,Non HTTP response message: Illegal character found in host: '{',8 - [SIN RL] Sustained 4-9,false,,875,null,0
1780789258683,0,,Non HTTP response code: java.net.MalformedURLException,Non HTTP response message: Illegal character found in host: '{',8 - [SIN RL] Sustained 4-9,false,,875,null,0
1780789258683,0,,Non HTTP response code: java.net.MalformedURLException,Non HTTP response message: Illegal character found in host: '{',8 - [SIN RL] Sustained 4-9,false,,875,null,0
1780789258683,0,,Non HTTP response code: java.net.MalformedURLException,Non HTTP response message: Illegal character found in host: '{',8 - [SIN RL] Sustained 4-9,false,,875,null,0
1780789258683,0,,Non HTTP response code: java.net.MalformedURLException,Non HTTP response message: Illegal character found in host: '{',8 - [SIN RL] Sustained 4-9,false,,875,null,0
1780789258683,0,,Non HTTP response code: java.net.MalformedURLException,Non HTTP response message: Illegal character found in host: '{',8 - [SIN RL] Sustained 4-9,false,,875,null,0
1780789258683,0,,Non HTTP response code: java.net.MalformedURLException,Non HTTP response message: Illegal character found in host: '{',8 - [SIN RL] Sustained 4-9,false,,875,null,0
1780789258683,0,,Non HTTP response code: java.net.MalformedURLException,Non HTTP response message: Illegal character found in host: '{',8 - [SIN RL] Sustained 4-9,false,,875,null,0
1780789262682,0,,Non HTTP response code: java.net.MalformedURLException,Non HTTP response message: Illegal character found in host: '{',8 - [SIN RL] Sustained 4-10,false,,875,null,0
1780789262682,0,,Non HTTP response code: java.net.MalformedURLException,Non HTTP response message: Illegal character found in host: '{',8 - [SIN RL] Sustained 4-10,false,,875,null,0
1780789262682,0,,Non HTTP response code: java.net.MalformedURLException,Non HTTP response message: Illegal character found in host: '{',8 - [SIN RL] Sustained 4-10,false,,875,null,0
1780789262683,0,,Non HTTP response code: java.net.MalformedURLException,Non HTTP response message: Illegal character found in host: '{',8 - [SIN RL] Sustained 4-10,false,,875,null,0
1780789262683,0,,Non HTTP response code: java.net.MalformedURLException,Non HTTP response message: Illegal character found in host: '{',8 - [SIN RL] Sustained 4-10,false,,875,null,0
1780789262683,0,,Non HTTP response code: java.net.MalformedURLException,Non HTTP response message: Illegal character found in host: '{',8 - [SIN RL] Sustained 4-10,false,,875,null,0
1780789262683,0,,Non HTTP response code: java.net.MalformedURLException,Non HTTP response message: Illegal character found in host: '{',8 - [SIN RL] Sustained 4-10,false,,875,null,0
1780789262683,0,,Non HTTP response code: java.net.MalformedURLException,Non HTTP response message: Illegal character found in host: '{',8 - [SIN RL] Sustained 4-10,false,,875,null,0
1780789262683,0,,Non HTTP response code: java.net.MalformedURLException,Non HTTP response message: Illegal character found in host: '{',8 - [SIN RL] Sustained 4-10,false,,875,null,0
1780789262684,0,,Non HTTP response code: java.net.MalformedURLException,Non HTTP response message: Illegal character found in host: '{',8 - [SIN RL] Sustained 4-10,false,,875,null,0
1780789262684,0,,Non HTTP response code: java.net.MalformedURLException,Non HTTP response message: Illegal character found in host: '{',8 - [SIN RL] Sustained 4-10,false,,875,null,0
1780789262684,0,,Non HTTP response code: java.net.MalformedURLException,Non HTTP response message: Illegal character found in host: '{',8 - [SIN RL] Sustained 4-10,false,,875,null,0
1780789262684,0,,Non HTTP response code: java.net.MalformedURLException,Non HTTP response message: Illegal character found in host: '{',8 - [SIN RL] Sustained 4-10,false,,875,null,0
1780789262684,0,,Non HTTP response code: java.net.MalformedURLException,Non HTTP response message: Illegal character found in host: '{',8 - [SIN RL] Sustained 4-10,false,,875,null,0
1780789262684,0,,Non HTTP response code: java.net.MalformedURLException,Non HTTP response message: Illegal character found in host: '{',8 - [SIN RL] Sustained 4-10,false,,875,null,0
1780789262685,0,,Non HTTP response code: java.net.MalformedURLException,Non HTTP response message: Illegal character found in host: '{',8 - [SIN RL] Sustained 4-10,false,,875,null,0
1780789262685,0,,Non HTTP response code: java.net.MalformedURLException,Non HTTP response message: Illegal character found in host: '{',8 - [SIN RL] Sustained 4-10,false,,875,null,0
1780789262685,0,,Non HTTP response code: java.net.MalformedURLException,Non HTTP response message: Illegal character found in host: '{',8 - [SIN RL] Sustained 4-10,false,,875,null,0
1780789262685,0,,Non HTTP response code: java.net.MalformedURLException,Non HTTP response message: Illegal character found in host: '{',8 - [SIN RL] Sustained 4-10,false,,875,null,0
1780789262685,0,,Non HTTP response code: java.net.MalformedURLException,Non HTTP response message: Illegal character found in host: '{',8 - [SIN RL] Sustained 4-10,false,,875,null,0
1780789266691,0,,Non HTTP response code: java.net.MalformedURLException,Non HTTP response message: Illegal character found in host: '{',8 - [SIN RL] Sustained 4-11,false,,875,null,0
1780789266692,0,,Non HTTP response code: java.net.MalformedURLException,Non HTTP response message: Illegal character found in host: '{',8 - [SIN RL] Sustained 4-11,false,,875,null,0
1780789266692,0,,Non HTTP response code: java.net.MalformedURLException,Non HTTP response message: Illegal character found in host: '{',8 - [SIN RL] Sustained 4-11,false,,875,null,0
1780789266692,0,,Non HTTP response code: java.net.MalformedURLException,Non HTTP response message: Illegal character found in host: '{',8 - [SIN RL] Sustained 4-11,false,,875,null,0
1780789266692,0,,Non HTTP response code: java.net.MalformedURLException,Non HTTP response message: Illegal character found in host: '{',8 - [SIN RL] Sustained 4-11,false,,875,null,0
1780789266692,0,,Non HTTP response code: java.net.MalformedURLException,Non HTTP response message: Illegal character found in host: '{',8 - [SIN RL] Sustained 4-11,false,,875,null,0
1780789266692,0,,Non HTTP response code: java.net.MalformedURLException,Non HTTP response message: Illegal character found in host: '{',8 - [SIN RL] Sustained 4-11,false,,875,null,0
1780789266692,0,,Non HTTP response code: java.net.MalformedURLException,Non HTTP response message: Illegal character found in host: '{',8 - [SIN RL] Sustained 4-11,false,,875,null,0
1780789266692,0,,Non HTTP response code: java.net.MalformedURLException,Non HTTP response message: Illegal character found in host: '{',8 - [SIN RL] Sustained 4-11,false,,875,null,0
1780789266692,0,,Non HTTP response code: java.net.MalformedURLException,Non HTTP response message: Illegal character found in host: '{',8 - [SIN RL] Sustained 4-11,false,,875,null,0
1780789266692,0,,Non HTTP response code: java.net.MalformedURLException,Non HTTP response message: Illegal character found in host: '{',8 - [SIN RL] Sustained 4-11,false,,875,null,0
1780789266692,0,,Non HTTP response code: java.net.MalformedURLException,Non HTTP response message: Illegal character found in host: '{',8 - [SIN RL] Sustained 4-11,false,,875,null,0
1780789266692,0,,Non HTTP response code: java.net.MalformedURLException,Non HTTP response message: Illegal character found in host: '{',8 - [SIN RL] Sustained 4-11,false,,875,null,0
1780789266692,0,,Non HTTP response code: java.net.MalformedURLException,Non HTTP response message: Illegal character found in host: '{',8 - [SIN RL] Sustained 4-11,false,,875,null,0
1780789266692,0,,Non HTTP response code: java.net.MalformedURLException,Non HTTP response message: Illegal character found in host: '{',8 - [SIN RL] Sustained 4-11,false,,875,null,0
1780789266692,0,,Non HTTP response code: java.net.MalformedURLException,Non HTTP response message: Illegal character found in host: '{',8 - [SIN RL] Sustained 4-11,false,,875,null,0
1780789266692,0,,Non HTTP response code: java.net.MalformedURLException,Non HTTP response message: Illegal character found in host: '{',8 - [SIN RL] Sustained 4-11,false,,875,null,0
1780789266692,0,,Non HTTP response code: java.net.MalformedURLException,Non HTTP response message: Illegal character found in host: '{',8 - [SIN RL] Sustained 4-11,false,,875,null,0
1780789266693,0,,Non HTTP response code: java.net.MalformedURLException,Non HTTP response message: Illegal character found in host: '{',8 - [SIN RL] Sustained 4-11,false,,875,null,0
1780789266693,0,,Non HTTP response code: java.net.MalformedURLException,Non HTTP response message: Illegal character found in host: '{',8 - [SIN RL] Sustained 4-11,false,,875,null,0
1780789270692,0,,Non HTTP response code: java.net.MalformedURLException,Non HTTP response message: Illegal character found in host: '{',8 - [SIN RL] Sustained 4-12,false,,875,null,0
1780789270692,0,,Non HTTP response code: java.net.MalformedURLException,Non HTTP response message: Illegal character found in host: '{',8 - [SIN RL] Sustained 4-12,false,,875,null,0
1780789270692,0,,Non HTTP response code: java.net.MalformedURLException,Non HTTP response message: Illegal character found in host: '{',8 - [SIN RL] Sustained 4-12,false,,875,null,0
1780789270692,0,,Non HTTP response code: java.net.MalformedURLException,Non HTTP response message: Illegal character found in host: '{',8 - [SIN RL] Sustained 4-12,false,,875,null,0
1780789270693,0,,Non HTTP response code: java.net.MalformedURLException,Non HTTP response message: Illegal character found in host: '{',8 - [SIN RL] Sustained 4-12,false,,875,null,0
1780789270693,0,,Non HTTP response code: java.net.MalformedURLException,Non HTTP response message: Illegal character found in host: '{',8 - [SIN RL] Sustained 4-12,false,,875,null,0
1780789270693,0,,Non HTTP response code: java.net.MalformedURLException,Non HTTP response message: Illegal character found in host: '{',8 - [SIN RL] Sustained 4-12,false,,875,null,0
1780789270693,0,,Non HTTP response code: java.net.MalformedURLException,Non HTTP response message: Illegal character found in host: '{',8 - [SIN RL] Sustained 4-12,false,,875,null,0
1780789270693,0,,Non HTTP response code: java.net.MalformedURLException,Non HTTP response message: Illegal character found in host: '{',8 - [SIN RL] Sustained 4-12,false,,875,null,0
1780789270693,0,,Non HTTP response code: java.net.MalformedURLException,Non HTTP response message: Illegal character found in host: '{',8 - [SIN RL] Sustained 4-12,false,,875,null,0
1780789270693,0,,Non HTTP response code: java.net.MalformedURLException,Non HTTP response message: Illegal character found in host: '{',8 - [SIN RL] Sustained 4-12,false,,875,null,0
1780789270693,0,,Non HTTP response code: java.net.MalformedURLException,Non HTTP response message: Illegal character found in host: '{',8 - [SIN RL] Sustained 4-12,false,,875,null,0
1780789270693,0,,Non HTTP response code: java.net.MalformedURLException,Non HTTP response message: Illegal character found in host: '{',8 - [SIN RL] Sustained 4-12,false,,875,null,0
1780789270693,0,,Non HTTP response code: java.net.MalformedURLException,Non HTTP response message: Illegal character found in host: '{',8 - [SIN RL] Sustained 4-12,false,,875,null,0
1780789270693,0,,Non HTTP response code: java.net.MalformedURLException,Non HTTP response message: Illegal character found in host: '{',8 - [SIN RL] Sustained 4-12,false,,875,null,0
1780789270693,0,,Non HTTP response code: java.net.MalformedURLException,Non HTTP response message: Illegal character found in host: '{',8 - [SIN RL] Sustained 4-12,false,,875,null,0
1780789270693,0,,Non HTTP response code: java.net.MalformedURLException,Non HTTP response message: Illegal character found in host: '{',8 - [SIN RL] Sustained 4-12,false,,875,null,0
1780789270693,0,,Non HTTP response code: java.net.MalformedURLException,Non HTTP response message: Illegal character found in host: '{',8 - [SIN RL] Sustained 4-12,false,,875,null,0
1780789270693,0,,Non HTTP response code: java.net.MalformedURLException,Non HTTP response message: Illegal character found in host: '{',8 - [SIN RL] Sustained 4-12,false,,875,null,0
1780789270693,0,,Non HTTP response code: java.net.MalformedURLException,Non HTTP response message: Illegal character found in host: '{',8 - [SIN RL] Sustained 4-12,false,,875,null,0
1780789274687,0,,Non HTTP response code: java.net.MalformedURLException,Non HTTP response message: Illegal character found in host: '{',8 - [SIN RL] Sustained 4-13,false,,875,null,0
1780789274687,0,,Non HTTP response code: java.net.MalformedURLException,Non HTTP response message: Illegal character found in host: '{',8 - [SIN RL] Sustained 4-13,false,,875,null,0
1780789274687,0,,Non HTTP response code: java.net.MalformedURLException,Non HTTP response message: Illegal character found in host: '{',8 - [SIN RL] Sustained 4-13,false,,875,null,0
1780789274687,0,,Non HTTP response code: java.net.MalformedURLException,Non HTTP response message: Illegal character found in host: '{',8 - [SIN RL] Sustained 4-13,false,,875,null,0
1780789274687,0,,Non HTTP response code: java.net.MalformedURLException,Non HTTP response message: Illegal character found in host: '{',8 - [SIN RL] Sustained 4-13,false,,875,null,0
1780789274688,0,,Non HTTP response code: java.net.MalformedURLException,Non HTTP response message: Illegal character found in host: '{',8 - [SIN RL] Sustained 4-13,false,,875,null,0
1780789274688,0,,Non HTTP response code: java.net.MalformedURLException,Non HTTP response message: Illegal character found in host: '{',8 - [SIN RL] Sustained 4-13,false,,875,null,0
1780789274688,0,,Non HTTP response code: java.net.MalformedURLException,Non HTTP response message: Illegal character found in host: '{',8 - [SIN RL] Sustained 4-13,false,,875,null,0
1780789274688,0,,Non HTTP response code: java.net.MalformedURLException,Non HTTP response message: Illegal character found in host: '{',8 - [SIN RL] Sustained 4-13,false,,875,null,0
1780789274688,0,,Non HTTP response code: java.net.MalformedURLException,Non HTTP response message: Illegal character found in host: '{',8 - [SIN RL] Sustained 4-13,false,,875,null,0
1780789274688,0,,Non HTTP response code: java.net.MalformedURLException,Non HTTP response message: Illegal character found in host: '{',8 - [SIN RL] Sustained 4-13,false,,875,null,0
1780789274688,0,,Non HTTP response code: java.net.MalformedURLException,Non HTTP response message: Illegal character found in host: '{',8 - [SIN RL] Sustained 4-13,false,,875,null,0
1780789274688,0,,Non HTTP response code: java.net.MalformedURLException,Non HTTP response message: Illegal character found in host: '{',8 - [SIN RL] Sustained 4-13,false,,875,null,0
1780789274688,0,,Non HTTP response code: java.net.MalformedURLException,Non HTTP response message: Illegal character found in host: '{',8 - [SIN RL] Sustained 4-13,false,,875,null,0
1780789274689,0,,Non HTTP response code: java.net.MalformedURLException,Non HTTP response message: Illegal character found in host: '{',8 - [SIN RL] Sustained 4-13,false,,875,null,0
1780789274689,0,,Non HTTP response code: java.net.MalformedURLException,Non HTTP response message: Illegal character found in host: '{',8 - [SIN RL] Sustained 4-13,false,,875,null,0
1780789274689,0,,Non HTTP response code: java.net.MalformedURLException,Non HTTP response message: Illegal character found in host: '{',8 - [SIN RL] Sustained 4-13,false,,875,null,0
1780789274689,0,,Non HTTP response code: java.net.MalformedURLException,Non HTTP response message: Illegal character found in host: '{',8 - [SIN RL] Sustained 4-13,false,,875,null,0
1780789274689,0,,Non HTTP response code: java.net.MalformedURLException,Non HTTP response message: Illegal character found in host: '{',8 - [SIN RL] Sustained 4-13,false,,875,null,0
1780789274689,0,,Non HTTP response code: java.net.MalformedURLException,Non HTTP response message: Illegal character found in host: '{',8 - [SIN RL] Sustained 4-13,false,,875,null,0
1780789278682,0,,Non HTTP response code: java.net.MalformedURLException,Non HTTP response message: Illegal character found in host: '{',8 - [SIN RL] Sustained 4-14,false,,875,null,0
1780789278682,0,,Non HTTP response code: java.net.MalformedURLException,Non HTTP response message: Illegal character found in host: '{',8 - [SIN RL] Sustained 4-14,false,,875,null,0
1780789278682,0,,Non HTTP response code: java.net.MalformedURLException,Non HTTP response message: Illegal character found in host: '{',8 - [SIN RL] Sustained 4-14,false,,875,null,0
1780789278682,0,,Non HTTP response code: java.net.MalformedURLException,Non HTTP response message: Illegal character found in host: '{',8 - [SIN RL] Sustained 4-14,false,,875,null,0
1780789278682,0,,Non HTTP response code: java.net.MalformedURLException,Non HTTP response message: Illegal character found in host: '{',8 - [SIN RL] Sustained 4-14,false,,875,null,0
1780789278682,0,,Non HTTP response code: java.net.MalformedURLException,Non HTTP response message: Illegal character found in host: '{',8 - [SIN RL] Sustained 4-14,false,,875,null,0
1780789278682,0,,Non HTTP response code: java.net.MalformedURLException,Non HTTP response message: Illegal character found in host: '{',8 - [SIN RL] Sustained 4-14,false,,875,null,0
1780789278683,0,,Non HTTP response code: java.net.MalformedURLException,Non HTTP response message: Illegal character found in host: '{',8 - [SIN RL] Sustained 4-14,false,,875,null,0
1780789278683,0,,Non HTTP response code: java.net.MalformedURLException,Non HTTP response message: Illegal character found in host: '{',8 - [SIN RL] Sustained 4-14,false,,875,null,0
1780789278683,0,,Non HTTP response code: java.net.MalformedURLException,Non HTTP response message: Illegal character found in host: '{',8 - [SIN RL] Sustained 4-14,false,,875,null,0
1780789278683,0,,Non HTTP response code: java.net.MalformedURLException,Non HTTP response message: Illegal character found in host: '{',8 - [SIN RL] Sustained 4-14,false,,875,null,0
1780789278683,0,,Non HTTP response code: java.net.MalformedURLException,Non HTTP response message: Illegal character found in host: '{',8 - [SIN RL] Sustained 4-14,false,,875,null,0
1780789278683,0,,Non HTTP response code: java.net.MalformedURLException,Non HTTP response message: Illegal character found in host: '{',8 - [SIN RL] Sustained 4-14,false,,875,null,0
1780789278683,0,,Non HTTP response code: java.net.MalformedURLException,Non HTTP response message: Illegal character found in host: '{',8 - [SIN RL] Sustained 4-14,false,,875,null,0
1780789278683,0,,Non HTTP response code: java.net.MalformedURLException,Non HTTP response message: Illegal character found in host: '{',8 - [SIN RL] Sustained 4-14,false,,875,null,0
1780789278683,0,,Non HTTP response code: java.net.MalformedURLException,Non HTTP response message: Illegal character found in host: '{',8 - [SIN RL] Sustained 4-14,false,,875,null,0
1780789278683,0,,Non HTTP response code: java.net.MalformedURLException,Non HTTP response message: Illegal character found in host: '{',8 - [SIN RL] Sustained 4-14,false,,875,null,0
1780789278683,0,,Non HTTP response code: java.net.MalformedURLException,Non HTTP response message: Illegal character found in host: '{',8 - [SIN RL] Sustained 4-14,false,,875,null,0
1780789278683,0,,Non HTTP response code: java.net.MalformedURLException,Non HTTP response message: Illegal character found in host: '{',8 - [SIN RL] Sustained 4-14,false,,875,null,0
1780789278683,0,,Non HTTP response code: java.net.MalformedURLException,Non HTTP response message: Illegal character found in host: '{',8 - [SIN RL] Sustained 4-14,false,,875,null,0
1780789282681,0,,Non HTTP response code: java.net.MalformedURLException,Non HTTP response message: Illegal character found in host: '{',8 - [SIN RL] Sustained 4-15,false,,875,null,0
1780789282682,0,,Non HTTP response code: java.net.MalformedURLException,Non HTTP response message: Illegal character found in host: '{',8 - [SIN RL] Sustained 4-15,false,,875,null,0
1780789282682,0,,Non HTTP response code: java.net.MalformedURLException,Non HTTP response message: Illegal character found in host: '{',8 - [SIN RL] Sustained 4-15,false,,875,null,0
1780789282682,0,,Non HTTP response code: java.net.MalformedURLException,Non HTTP response message: Illegal character found in host: '{',8 - [SIN RL] Sustained 4-15,false,,875,null,0
1780789282682,0,,Non HTTP response code: java.net.MalformedURLException,Non HTTP response message: Illegal character found in host: '{',8 - [SIN RL] Sustained 4-15,false,,875,null,0
1780789282682,0,,Non HTTP response code: java.net.MalformedURLException,Non HTTP response message: Illegal character found in host: '{',8 - [SIN RL] Sustained 4-15,false,,875,null,0
1780789282682,0,,Non HTTP response code: java.net.MalformedURLException,Non HTTP response message: Illegal character found in host: '{',8 - [SIN RL] Sustained 4-15,false,,875,null,0
1780789282682,0,,Non HTTP response code: java.net.MalformedURLException,Non HTTP response message: Illegal character found in host: '{',8 - [SIN RL] Sustained 4-15,false,,875,null,0
1780789282683,0,,Non HTTP response code: java.net.MalformedURLException,Non HTTP response message: Illegal character found in host: '{',8 - [SIN RL] Sustained 4-15,false,,875,null,0
1780789282683,0,,Non HTTP response code: java.net.MalformedURLException,Non HTTP response message: Illegal character found in host: '{',8 - [SIN RL] Sustained 4-15,false,,875,null,0
1780789282683,0,,Non HTTP response code: java.net.MalformedURLException,Non HTTP response message: Illegal character found in host: '{',8 - [SIN RL] Sustained 4-15,false,,875,null,0
1780789282683,0,,Non HTTP response code: java.net.MalformedURLException,Non HTTP response message: Illegal character found in host: '{',8 - [SIN RL] Sustained 4-15,false,,875,null,0
1780789282683,0,,Non HTTP response code: java.net.MalformedURLException,Non HTTP response message: Illegal character found in host: '{',8 - [SIN RL] Sustained 4-15,false,,875,null,0
1780789282683,0,,Non HTTP response code: java.net.MalformedURLException,Non HTTP response message: Illegal character found in host: '{',8 - [SIN RL] Sustained 4-15,false,,875,null,0
1780789282683,0,,Non HTTP response code: java.net.MalformedURLException,Non HTTP response message: Illegal character found in host: '{',8 - [SIN RL] Sustained 4-15,false,,875,null,0
1780789282683,0,,Non HTTP response code: java.net.MalformedURLException,Non HTTP response message: Illegal character found in host: '{',8 - [SIN RL] Sustained 4-15,false,,875,null,0
1780789282683,0,,Non HTTP response code: java.net.MalformedURLException,Non HTTP response message: Illegal character found in host: '{',8 - [SIN RL] Sustained 4-15,false,,875,null,0
1780789282683,0,,Non HTTP response code: java.net.MalformedURLException,Non HTTP response message: Illegal character found in host: '{',8 - [SIN RL] Sustained 4-15,false,,875,null,0
1780789282684,0,,Non HTTP response code: java.net.MalformedURLException,Non HTTP response message: Illegal character found in host: '{',8 - [SIN RL] Sustained 4-15,false,,875,null,0
1780789282684,0,,Non HTTP response code: java.net.MalformedURLException,Non HTTP response message: Illegal character found in host: '{',8 - [SIN RL] Sustained 4-15,false,,875,null,0
1780789401024,0,,Non HTTP response code: java.net.MalformedURLException,Non HTTP response message: Illegal character found in host: '{',8 - [SIN RL] Sustained 4-1,false,,875,null,0
1780789401024,0,,Non HTTP response code: java.net.MalformedURLException,Non HTTP response message: Illegal character found in host: '{',8 - [SIN RL] Sustained 4-1,false,,875,null,0
1780789401024,0,,Non HTTP response code: java.net.MalformedURLException,Non HTTP response message: Illegal character found in host: '{',8 - [SIN RL] Sustained 4-1,false,,875,null,0
1780789401024,0,,Non HTTP response code: java.net.MalformedURLException,Non HTTP response message: Illegal character found in host: '{',8 - [SIN RL] Sustained 4-1,false,,875,null,0
1780789401024,0,,Non HTTP response code: java.net.MalformedURLException,Non HTTP response message: Illegal character found in host: '{',8 - [SIN RL] Sustained 4-1,false,,875,null,0
1780789401025,0,,Non HTTP response code: java.net.MalformedURLException,Non HTTP response message: Illegal character found in host: '{',8 - [SIN RL] Sustained 4-1,false,,875,null,0
1780789401025,0,,Non HTTP response code: java.net.MalformedURLException,Non HTTP response message: Illegal character found in host: '{',8 - [SIN RL] Sustained 4-1,false,,875,null,0
1780789401025,0,,Non HTTP response code: java.net.MalformedURLException,Non HTTP response message: Illegal character found in host: '{',8 - [SIN RL] Sustained 4-1,false,,875,null,0
1780789401025,0,,Non HTTP response code: java.net.MalformedURLException,Non HTTP response message: Illegal character found in host: '{',8 - [SIN RL] Sustained 4-1,false,,875,null,0
1780789401025,0,,Non HTTP response code: java.net.MalformedURLException,Non HTTP response message: Illegal character found in host: '{',8 - [SIN RL] Sustained 4-1,false,,875,null,0
1780789401025,0,,Non HTTP response code: java.net.MalformedURLException,Non HTTP response message: Illegal character found in host: '{',8 - [SIN RL] Sustained 4-1,false,,875,null,0
1780789401025,0,,Non HTTP response code: java.net.MalformedURLException,Non HTTP response message: Illegal character found in host: '{',8 - [SIN RL] Sustained 4-1,false,,875,null,0
1780789401025,0,,Non HTTP response code: java.net.MalformedURLException,Non HTTP response message: Illegal character found in host: '{',8 - [SIN RL] Sustained 4-1,false,,875,null,0
1780789401025,0,,Non HTTP response code: java.net.MalformedURLException,Non HTTP response message: Illegal character found in host: '{',8 - [SIN RL] Sustained 4-1,false,,875,null,0
1780789401025,0,,Non HTTP response code: java.net.MalformedURLException,Non HTTP response message: Illegal character found in host: '{',8 - [SIN RL] Sustained 4-1,false,,875,null,0
1780789401026,0,,Non HTTP response code: java.net.MalformedURLException,Non HTTP response message: Illegal character found in host: '{',8 - [SIN RL] Sustained 4-1,false,,875,null,0
1780789401026,0,,Non HTTP response code: java.net.MalformedURLException,Non HTTP response message: Illegal character found in host: '{',8 - [SIN RL] Sustained 4-1,false,,875,null,0
1780789401026,0,,Non HTTP response code: java.net.MalformedURLException,Non HTTP response message: Illegal character found in host: '{',8 - [SIN RL] Sustained 4-1,false,,875,null,0
1780789401026,0,,Non HTTP response code: java.net.MalformedURLException,Non HTTP response message: Illegal character found in host: '{',8 - [SIN RL] Sustained 4-1,false,,875,null,0
1780789401026,0,,Non HTTP response code: java.net.MalformedURLException,Non HTTP response message: Illegal character found in host: '{',8 - [SIN RL] Sustained 4-1,false,,875,null,0
1780789405026,0,,Non HTTP response code: java.net.MalformedURLException,Non HTTP response message: Illegal character found in host: '{',8 - [SIN RL] Sustained 4-2,false,,875,null,0
1780789405027,0,,Non HTTP response code: java.net.MalformedURLException,Non HTTP response message: Illegal character found in host: '{',8 - [SIN RL] Sustained 4-2,false,,875,null,0
1780789405027,0,,Non HTTP response code: java.net.MalformedURLException,Non HTTP response message: Illegal character found in host: '{',8 - [SIN RL] Sustained 4-2,false,,875,null,0
1780789405027,0,,Non HTTP response code: java.net.MalformedURLException,Non HTTP response message: Illegal character found in host: '{',8 - [SIN RL] Sustained 4-2,false,,875,null,0
1780789405027,0,,Non HTTP response code: java.net.MalformedURLException,Non HTTP response message: Illegal character found in host: '{',8 - [SIN RL] Sustained 4-2,false,,875,null,0
1780789405027,0,,Non HTTP response code: java.net.MalformedURLException,Non HTTP response message: Illegal character found in host: '{',8 - [SIN RL] Sustained 4-2,false,,875,null,0
1780789405027,0,,Non HTTP response code: java.net.MalformedURLException,Non HTTP response message: Illegal character found in host: '{',8 - [SIN RL] Sustained 4-2,false,,875,null,0
1780789405027,0,,Non HTTP response code: java.net.MalformedURLException,Non HTTP response message: Illegal character found in host: '{',8 - [SIN RL] Sustained 4-2,false,,875,null,0
1780789405027,0,,Non HTTP response code: java.net.MalformedURLException,Non HTTP response message: Illegal character found in host: '{',8 - [SIN RL] Sustained 4-2,false,,875,null,0
1780789405027,0,,Non HTTP response code: java.net.MalformedURLException,Non HTTP response message: Illegal character found in host: '{',8 - [SIN RL] Sustained 4-2,false,,875,null,0
1780789405027,0,,Non HTTP response code: java.net.MalformedURLException,Non HTTP response message: Illegal character found in host: '{',8 - [SIN RL] Sustained 4-2,false,,875,null,0
1780789405027,0,,Non HTTP response code: java.net.MalformedURLException,Non HTTP response message: Illegal character found in host: '{',8 - [SIN RL] Sustained 4-2,false,,875,null,0
1780789405027,0,,Non HTTP response code: java.net.MalformedURLException,Non HTTP response message: Illegal character found in host: '{',8 - [SIN RL] Sustained 4-2,false,,875,null,0
1780789405027,0,,Non HTTP response code: java.net.MalformedURLException,Non HTTP response message: Illegal character found in host: '{',8 - [SIN RL] Sustained 4-2,false,,875,null,0
1780789405027,0,,Non HTTP response code: java.net.MalformedURLException,Non HTTP response message: Illegal character found in host: '{',8 - [SIN RL] Sustained 4-2,false,,875,null,0
1780789405027,0,,Non HTTP response code: java.net.MalformedURLException,Non HTTP response message: Illegal character found in host: '{',8 - [SIN RL] Sustained 4-2,false,,875,null,0
1780789405027,0,,Non HTTP response code: java.net.MalformedURLException,Non HTTP response message: Illegal character found in host: '{',8 - [SIN RL] Sustained 4-2,false,,875,null,0
1780789405027,0,,Non HTTP response code: java.net.MalformedURLException,Non HTTP response message: Illegal character found in host: '{',8 - [SIN RL] Sustained 4-2,false,,875,null,0
1780789405027,0,,Non HTTP response code: java.net.MalformedURLException,Non HTTP response message: Illegal character found in host: '{',8 - [SIN RL] Sustained 4-2,false,,875,null,0
1780789405027,0,,Non HTTP response code: java.net.MalformedURLException,Non HTTP response message: Illegal character found in host: '{',8 - [SIN RL] Sustained 4-2,false,,875,null,0
1780789409021,0,,Non HTTP response code: java.net.MalformedURLException,Non HTTP response message: Illegal character found in host: '{',8 - [SIN RL] Sustained 4-3,false,,875,null,0
1780789409021,0,,Non HTTP response code: java.net.MalformedURLException,Non HTTP response message: Illegal character found in host: '{',8 - [SIN RL] Sustained 4-3,false,,875,null,0
1780789409021,0,,Non HTTP response code: java.net.MalformedURLException,Non HTTP response message: Illegal character found in host: '{',8 - [SIN RL] Sustained 4-3,false,,875,null,0
1780789409021,0,,Non HTTP response code: java.net.MalformedURLException,Non HTTP response message: Illegal character found in host: '{',8 - [SIN RL] Sustained 4-3,false,,875,null,0
1780789409021,0,,Non HTTP response code: java.net.MalformedURLException,Non HTTP response message: Illegal character found in host: '{',8 - [SIN RL] Sustained 4-3,false,,875,null,0
1780789409021,0,,Non HTTP response code: java.net.MalformedURLException,Non HTTP response message: Illegal character found in host: '{',8 - [SIN RL] Sustained 4-3,false,,875,null,0
1780789409021,0,,Non HTTP response code: java.net.MalformedURLException,Non HTTP response message: Illegal character found in host: '{',8 - [SIN RL] Sustained 4-3,false,,875,null,0
1780789409021,0,,Non HTTP response code: java.net.MalformedURLException,Non HTTP response message: Illegal character found in host: '{',8 - [SIN RL] Sustained 4-3,false,,875,null,0
1780789409021,0,,Non HTTP response code: java.net.MalformedURLException,Non HTTP response message: Illegal character found in host: '{',8 - [SIN RL] Sustained 4-3,false,,875,null,0
1780789409021,0,,Non HTTP response code: java.net.MalformedURLException,Non HTTP response message: Illegal character found in host: '{',8 - [SIN RL] Sustained 4-3,false,,875,null,0
1780789409021,0,,Non HTTP response code: java.net.MalformedURLException,Non HTTP response message: Illegal character found in host: '{',8 - [SIN RL] Sustained 4-3,false,,875,null,0
1780789409021,0,,Non HTTP response code: java.net.MalformedURLException,Non HTTP response message: Illegal character found in host: '{',8 - [SIN RL] Sustained 4-3,false,,875,null,0
1780789409021,0,,Non HTTP response code: java.net.MalformedURLException,Non HTTP response message: Illegal character found in host: '{',8 - [SIN RL] Sustained 4-3,false,,875,null,0
1780789409021,0,,Non HTTP response code: java.net.MalformedURLException,Non HTTP response message: Illegal character found in host: '{',8 - [SIN RL] Sustained 4-3,false,,875,null,0
1780789409021,0,,Non HTTP response code: java.net.MalformedURLException,Non HTTP response message: Illegal character found in host: '{',8 - [SIN RL] Sustained 4-3,false,,875,null,0
1780789409021,0,,Non HTTP response code: java.net.MalformedURLException,Non HTTP response message: Illegal character found in host: '{',8 - [SIN RL] Sustained 4-3,false,,875,null,0
1780789409021,0,,Non HTTP response code: java.net.MalformedURLException,Non HTTP response message: Illegal character found in host: '{',8 - [SIN RL] Sustained 4-3,false,,875,null,0
1780789409021,0,,Non HTTP response code: java.net.MalformedURLException,Non HTTP response message: Illegal character found in host: '{',8 - [SIN RL] Sustained 4-3,false,,875,null,0
1780789409021,0,,Non HTTP response code: java.net.MalformedURLException,Non HTTP response message: Illegal character found in host: '{',8 - [SIN RL] Sustained 4-3,false,,875,null,0
1780789409022,0,,Non HTTP response code: java.net.MalformedURLException,Non HTTP response message: Illegal character found in host: '{',8 - [SIN RL] Sustained 4-3,false,,875,null,0
1780789413021,0,,Non HTTP response code: java.net.MalformedURLException,Non HTTP response message: Illegal character found in host: '{',8 - [SIN RL] Sustained 4-4,false,,875,null,0
1780789413022,0,,Non HTTP response code: java.net.MalformedURLException,Non HTTP response message: Illegal character found in host: '{',8 - [SIN RL] Sustained 4-4,false,,875,null,0
1780789413022,0,,Non HTTP response code: java.net.MalformedURLException,Non HTTP response message: Illegal character found in host: '{',8 - [SIN RL] Sustained 4-4,false,,875,null,0
1780789413022,0,,Non HTTP response code: java.net.MalformedURLException,Non HTTP response message: Illegal character found in host: '{',8 - [SIN RL] Sustained 4-4,false,,875,null,0
1780789413022,0,,Non HTTP response code: java.net.MalformedURLException,Non HTTP response message: Illegal character found in host: '{',8 - [SIN RL] Sustained 4-4,false,,875,null,0
1780789413022,0,,Non HTTP response code: java.net.MalformedURLException,Non HTTP response message: Illegal character found in host: '{',8 - [SIN RL] Sustained 4-4,false,,875,null,0
1780789413022,0,,Non HTTP response code: java.net.MalformedURLException,Non HTTP response message: Illegal character found in host: '{',8 - [SIN RL] Sustained 4-4,false,,875,null,0
1780789413022,0,,Non HTTP response code: java.net.MalformedURLException,Non HTTP response message: Illegal character found in host: '{',8 - [SIN RL] Sustained 4-4,false,,875,null,0
1780789413022,0,,Non HTTP response code: java.net.MalformedURLException,Non HTTP response message: Illegal character found in host: '{',8 - [SIN RL] Sustained 4-4,false,,875,null,0
1780789413022,0,,Non HTTP response code: java.net.MalformedURLException,Non HTTP response message: Illegal character found in host: '{',8 - [SIN RL] Sustained 4-4,false,,875,null,0
1780789413022,0,,Non HTTP response code: java.net.MalformedURLException,Non HTTP response message: Illegal character found in host: '{',8 - [SIN RL] Sustained 4-4,false,,875,null,0
1780789413022,0,,Non HTTP response code: java.net.MalformedURLException,Non HTTP response message: Illegal character found in host: '{',8 - [SIN RL] Sustained 4-4,false,,875,null,0
1780789413022,0,,Non HTTP response code: java.net.MalformedURLException,Non HTTP response message: Illegal character found in host: '{',8 - [SIN RL] Sustained 4-4,false,,875,null,0
1780789413022,0,,Non HTTP response code: java.net.MalformedURLException,Non HTTP response message: Illegal character found in host: '{',8 - [SIN RL] Sustained 4-4,false,,875,null,0
1780789413022,0,,Non HTTP response code: java.net.MalformedURLException,Non HTTP response message: Illegal character found in host: '{',8 - [SIN RL] Sustained 4-4,false,,875,null,0
1780789413022,0,,Non HTTP response code: java.net.MalformedURLException,Non HTTP response message: Illegal character found in host: '{',8 - [SIN RL] Sustained 4-4,false,,875,null,0
1780789413022,0,,Non HTTP response code: java.net.MalformedURLException,Non HTTP response message: Illegal character found in host: '{',8 - [SIN RL] Sustained 4-4,false,,875,null,0
1780789413022,0,,Non HTTP response code: java.net.MalformedURLException,Non HTTP response message: Illegal character found in host: '{',8 - [SIN RL] Sustained 4-4,false,,875,null,0
1780789413022,0,,Non HTTP response code: java.net.MalformedURLException,Non HTTP response message: Illegal character found in host: '{',8 - [SIN RL] Sustained 4-4,false,,875,null,0
1780789413022,0,,Non HTTP response code: java.net.MalformedURLException,Non HTTP response message: Illegal character found in host: '{',8 - [SIN RL] Sustained 4-4,false,,875,null,0
1780789417021,0,,Non HTTP response code: java.net.MalformedURLException,Non HTTP response message: Illegal character found in host: '{',8 - [SIN RL] Sustained 4-5,false,,875,null,0
1780789417021,0,,Non HTTP response code: java.net.MalformedURLException,Non HTTP response message: Illegal character found in host: '{',8 - [SIN RL] Sustained 4-5,false,,875,null,0
1780789417021,0,,Non HTTP response code: java.net.MalformedURLException,Non HTTP response message: Illegal character found in host: '{',8 - [SIN RL] Sustained 4-5,false,,875,null,0
1780789417021,0,,Non HTTP response code: java.net.MalformedURLException,Non HTTP response message: Illegal character found in host: '{',8 - [SIN RL] Sustained 4-5,false,,875,null,0
1780789417021,0,,Non HTTP response code: java.net.MalformedURLException,Non HTTP response message: Illegal character found in host: '{',8 - [SIN RL] Sustained 4-5,false,,875,null,0
1780789417021,0,,Non HTTP response code: java.net.MalformedURLException,Non HTTP response message: Illegal character found in host: '{',8 - [SIN RL] Sustained 4-5,false,,875,null,0
1780789417022,0,,Non HTTP response code: java.net.MalformedURLException,Non HTTP response message: Illegal character found in host: '{',8 - [SIN RL] Sustained 4-5,false,,875,null,0
1780789417022,0,,Non HTTP response code: java.net.MalformedURLException,Non HTTP response message: Illegal character found in host: '{',8 - [SIN RL] Sustained 4-5,false,,875,null,0
1780789417022,0,,Non HTTP response code: java.net.MalformedURLException,Non HTTP response message: Illegal character found in host: '{',8 - [SIN RL] Sustained 4-5,false,,875,null,0
1780789417022,0,,Non HTTP response code: java.net.MalformedURLException,Non HTTP response message: Illegal character found in host: '{',8 - [SIN RL] Sustained 4-5,false,,875,null,0
1780789417022,0,,Non HTTP response code: java.net.MalformedURLException,Non HTTP response message: Illegal character found in host: '{',8 - [SIN RL] Sustained 4-5,false,,875,null,0
1780789417022,0,,Non HTTP response code: java.net.MalformedURLException,Non HTTP response message: Illegal character found in host: '{',8 - [SIN RL] Sustained 4-5,false,,875,null,0
1780789417022,0,,Non HTTP response code: java.net.MalformedURLException,Non HTTP response message: Illegal character found in host: '{',8 - [SIN RL] Sustained 4-5,false,,875,null,0
1780789417022,0,,Non HTTP response code: java.net.MalformedURLException,Non HTTP response message: Illegal character found in host: '{',8 - [SIN RL] Sustained 4-5,false,,875,null,0
1780789417022,0,,Non HTTP response code: java.net.MalformedURLException,Non HTTP response message: Illegal character found in host: '{',8 - [SIN RL] Sustained 4-5,false,,875,null,0
1780789417022,0,,Non HTTP response code: java.net.MalformedURLException,Non HTTP response message: Illegal character found in host: '{',8 - [SIN RL] Sustained 4-5,false,,875,null,0
1780789417022,0,,Non HTTP response code: java.net.MalformedURLException,Non HTTP response message: Illegal character found in host: '{',8 - [SIN RL] Sustained 4-5,false,,875,null,0
1780789417022,0,,Non HTTP response code: java.net.MalformedURLException,Non HTTP response message: Illegal character found in host: '{',8 - [SIN RL] Sustained 4-5,false,,875,null,0
1780789417022,0,,Non HTTP response code: java.net.MalformedURLException,Non HTTP response message: Illegal character found in host: '{',8 - [SIN RL] Sustained 4-5,false,,875,null,0
1780789417022,0,,Non HTTP response code: java.net.MalformedURLException,Non HTTP response message: Illegal character found in host: '{',8 - [SIN RL] Sustained 4-5,false,,875,null,0
1780789421019,0,,Non HTTP response code: java.net.MalformedURLException,Non HTTP response message: Illegal character found in host: '{',8 - [SIN RL] Sustained 4-6,false,,875,null,0
1780789421020,0,,Non HTTP response code: java.net.MalformedURLException,Non HTTP response message: Illegal character found in host: '{',8 - [SIN RL] Sustained 4-6,false,,875,null,0
1780789421020,0,,Non HTTP response code: java.net.MalformedURLException,Non HTTP response message: Illegal character found in host: '{',8 - [SIN RL] Sustained 4-6,false,,875,null,0
1780789421020,0,,Non HTTP response code: java.net.MalformedURLException,Non HTTP response message: Illegal character found in host: '{',8 - [SIN RL] Sustained 4-6,false,,875,null,0
1780789421020,0,,Non HTTP response code: java.net.MalformedURLException,Non HTTP response message: Illegal character found in host: '{',8 - [SIN RL] Sustained 4-6,false,,875,null,0
1780789421020,0,,Non HTTP response code: java.net.MalformedURLException,Non HTTP response message: Illegal character found in host: '{',8 - [SIN RL] Sustained 4-6,false,,875,null,0
1780789421020,0,,Non HTTP response code: java.net.MalformedURLException,Non HTTP response message: Illegal character found in host: '{',8 - [SIN RL] Sustained 4-6,false,,875,null,0
1780789421020,0,,Non HTTP response code: java.net.MalformedURLException,Non HTTP response message: Illegal character found in host: '{',8 - [SIN RL] Sustained 4-6,false,,875,null,0
1780789421020,0,,Non HTTP response code: java.net.MalformedURLException,Non HTTP response message: Illegal character found in host: '{',8 - [SIN RL] Sustained 4-6,false,,875,null,0
1780789421020,0,,Non HTTP response code: java.net.MalformedURLException,Non HTTP response message: Illegal character found in host: '{',8 - [SIN RL] Sustained 4-6,false,,875,null,0
1780789421020,0,,Non HTTP response code: java.net.MalformedURLException,Non HTTP response message: Illegal character found in host: '{',8 - [SIN RL] Sustained 4-6,false,,875,null,0
1780789421020,0,,Non HTTP response code: java.net.MalformedURLException,Non HTTP response message: Illegal character found in host: '{',8 - [SIN RL] Sustained 4-6,false,,875,null,0
1780789421020,0,,Non HTTP response code: java.net.MalformedURLException,Non HTTP response message: Illegal character found in host: '{',8 - [SIN RL] Sustained 4-6,false,,875,null,0
1780789421020,0,,Non HTTP response code: java.net.MalformedURLException,Non HTTP response message: Illegal character found in host: '{',8 - [SIN RL] Sustained 4-6,false,,875,null,0
1780789421021,0,,Non HTTP response code: java.net.MalformedURLException,Non HTTP response message: Illegal character found in host: '{',8 - [SIN RL] Sustained 4-6,false,,875,null,0
1780789421021,0,,Non HTTP response code: java.net.MalformedURLException,Non HTTP response message: Illegal character found in host: '{',8 - [SIN RL] Sustained 4-6,false,,875,null,0
1780789421021,0,,Non HTTP response code: java.net.MalformedURLException,Non HTTP response message: Illegal character found in host: '{',8 - [SIN RL] Sustained 4-6,false,,875,null,0
1780789421021,0,,Non HTTP response code: java.net.MalformedURLException,Non HTTP response message: Illegal character found in host: '{',8 - [SIN RL] Sustained 4-6,false,,875,null,0
1780789421021,0,,Non HTTP response code: java.net.MalformedURLException,Non HTTP response message: Illegal character found in host: '{',8 - [SIN RL] Sustained 4-6,false,,875,null,0
1780789421021,0,,Non HTTP response code: java.net.MalformedURLException,Non HTTP response message: Illegal character found in host: '{',8 - [SIN RL] Sustained 4-6,false,,875,null,0
1780789425034,0,,Non HTTP response code: java.net.MalformedURLException,Non HTTP response message: Illegal character found in host: '{',8 - [SIN RL] Sustained 4-7,false,,875,null,0
1780789425035,0,,Non HTTP response code: java.net.MalformedURLException,Non HTTP response message: Illegal character found in host: '{',8 - [SIN RL] Sustained 4-7,false,,875,null,0
1780789425035,0,,Non HTTP response code: java.net.MalformedURLException,Non HTTP response message: Illegal character found in host: '{',8 - [SIN RL] Sustained 4-7,false,,875,null,0
1780789425035,0,,Non HTTP response code: java.net.MalformedURLException,Non HTTP response message: Illegal character found in host: '{',8 - [SIN RL] Sustained 4-7,false,,875,null,0
1780789425035,0,,Non HTTP response code: java.net.MalformedURLException,Non HTTP response message: Illegal character found in host: '{',8 - [SIN RL] Sustained 4-7,false,,875,null,0
1780789425035,0,,Non HTTP response code: java.net.MalformedURLException,Non HTTP response message: Illegal character found in host: '{',8 - [SIN RL] Sustained 4-7,false,,875,null,0
1780789425035,0,,Non HTTP response code: java.net.MalformedURLException,Non HTTP response message: Illegal character found in host: '{',8 - [SIN RL] Sustained 4-7,false,,875,null,0
1780789425035,0,,Non HTTP response code: java.net.MalformedURLException,Non HTTP response message: Illegal character found in host: '{',8 - [SIN RL] Sustained 4-7,false,,875,null,0
1780789425035,0,,Non HTTP response code: java.net.MalformedURLException,Non HTTP response message: Illegal character found in host: '{',8 - [SIN RL] Sustained 4-7,false,,875,null,0
1780789425035,0,,Non HTTP response code: java.net.MalformedURLException,Non HTTP response message: Illegal character found in host: '{',8 - [SIN RL] Sustained 4-7,false,,875,null,0
1780789425035,0,,Non HTTP response code: java.net.MalformedURLException,Non HTTP response message: Illegal character found in host: '{',8 - [SIN RL] Sustained 4-7,false,,875,null,0
1780789425035,0,,Non HTTP response code: java.net.MalformedURLException,Non HTTP response message: Illegal character found in host: '{',8 - [SIN RL] Sustained 4-7,false,,875,null,0
1780789425035,0,,Non HTTP response code: java.net.MalformedURLException,Non HTTP response message: Illegal character found in host: '{',8 - [SIN RL] Sustained 4-7,false,,875,null,0
1780789425035,0,,Non HTTP response code: java.net.MalformedURLException,Non HTTP response message: Illegal character found in host: '{',8 - [SIN RL] Sustained 4-7,false,,875,null,0
1780789425035,0,,Non HTTP response code: java.net.MalformedURLException,Non HTTP response message: Illegal character found in host: '{',8 - [SIN RL] Sustained 4-7,false,,875,null,0
1780789425035,0,,Non HTTP response code: java.net.MalformedURLException,Non HTTP response message: Illegal character found in host: '{',8 - [SIN RL] Sustained 4-7,false,,875,null,0
1780789425035,0,,Non HTTP response code: java.net.MalformedURLException,Non HTTP response message: Illegal character found in host: '{',8 - [SIN RL] Sustained 4-7,false,,875,null,0
1780789425036,0,,Non HTTP response code: java.net.MalformedURLException,Non HTTP response message: Illegal character found in host: '{',8 - [SIN RL] Sustained 4-7,false,,875,null,0
1780789425036,0,,Non HTTP response code: java.net.MalformedURLException,Non HTTP response message: Illegal character found in host: '{',8 - [SIN RL] Sustained 4-7,false,,875,null,0
1780789425036,0,,Non HTTP response code: java.net.MalformedURLException,Non HTTP response message: Illegal character found in host: '{',8 - [SIN RL] Sustained 4-7,false,,875,null,0
1780789429035,0,,Non HTTP response code: java.net.MalformedURLException,Non HTTP response message: Illegal character found in host: '{',8 - [SIN RL] Sustained 4-8,false,,875,null,0
1780789429035,0,,Non HTTP response code: java.net.MalformedURLException,Non HTTP response message: Illegal character found in host: '{',8 - [SIN RL] Sustained 4-8,false,,875,null,0
1780789429035,0,,Non HTTP response code: java.net.MalformedURLException,Non HTTP response message: Illegal character found in host: '{',8 - [SIN RL] Sustained 4-8,false,,875,null,0
1780789429035,0,,Non HTTP response code: java.net.MalformedURLException,Non HTTP response message: Illegal character found in host: '{',8 - [SIN RL] Sustained 4-8,false,,875,null,0
1780789429035,0,,Non HTTP response code: java.net.MalformedURLException,Non HTTP response message: Illegal character found in host: '{',8 - [SIN RL] Sustained 4-8,false,,875,null,0
1780789429035,0,,Non HTTP response code: java.net.MalformedURLException,Non HTTP response message: Illegal character found in host: '{',8 - [SIN RL] Sustained 4-8,false,,875,null,0
1780789429035,0,,Non HTTP response code: java.net.MalformedURLException,Non HTTP response message: Illegal character found in host: '{',8 - [SIN RL] Sustained 4-8,false,,875,null,0
1780789429035,0,,Non HTTP response code: java.net.MalformedURLException,Non HTTP response message: Illegal character found in host: '{',8 - [SIN RL] Sustained 4-8,false,,875,null,0
1780789429035,0,,Non HTTP response code: java.net.MalformedURLException,Non HTTP response message: Illegal character found in host: '{',8 - [SIN RL] Sustained 4-8,false,,875,null,0
1780789429035,0,,Non HTTP response code: java.net.MalformedURLException,Non HTTP response message: Illegal character found in host: '{',8 - [SIN RL] Sustained 4-8,false,,875,null,0
1780789429035,0,,Non HTTP response code: java.net.MalformedURLException,Non HTTP response message: Illegal character found in host: '{',8 - [SIN RL] Sustained 4-8,false,,875,null,0
1780789429035,0,,Non HTTP response code: java.net.MalformedURLException,Non HTTP response message: Illegal character found in host: '{',8 - [SIN RL] Sustained 4-8,false,,875,null,0
1780789429035,0,,Non HTTP response code: java.net.MalformedURLException,Non HTTP response message: Illegal character found in host: '{',8 - [SIN RL] Sustained 4-8,false,,875,null,0
1780789429036,0,,Non HTTP response code: java.net.MalformedURLException,Non HTTP response message: Illegal character found in host: '{',8 - [SIN RL] Sustained 4-8,false,,875,null,0
1780789429036,0,,Non HTTP response code: java.net.MalformedURLException,Non HTTP response message: Illegal character found in host: '{',8 - [SIN RL] Sustained 4-8,false,,875,null,0
1780789429036,0,,Non HTTP response code: java.net.MalformedURLException,Non HTTP response message: Illegal character found in host: '{',8 - [SIN RL] Sustained 4-8,false,,875,null,0
1780789429036,0,,Non HTTP response code: java.net.MalformedURLException,Non HTTP response message: Illegal character found in host: '{',8 - [SIN RL] Sustained 4-8,false,,875,null,0
1780789429036,0,,Non HTTP response code: java.net.MalformedURLException,Non HTTP response message: Illegal character found in host: '{',8 - [SIN RL] Sustained 4-8,false,,875,null,0
1780789429036,0,,Non HTTP response code: java.net.MalformedURLException,Non HTTP response message: Illegal character found in host: '{',8 - [SIN RL] Sustained 4-8,false,,875,null,0
1780789429036,0,,Non HTTP response code: java.net.MalformedURLException,Non HTTP response message: Illegal character found in host: '{',8 - [SIN RL] Sustained 4-8,false,,875,null,0
1780789433036,0,,Non HTTP response code: java.net.MalformedURLException,Non HTTP response message: Illegal character found in host: '{',8 - [SIN RL] Sustained 4-9,false,,875,null,0
1780789433036,0,,Non HTTP response code: java.net.MalformedURLException,Non HTTP response message: Illegal character found in host: '{',8 - [SIN RL] Sustained 4-9,false,,875,null,0
1780789433036,0,,Non HTTP response code: java.net.MalformedURLException,Non HTTP response message: Illegal character found in host: '{',8 - [SIN RL] Sustained 4-9,false,,875,null,0
1780789433036,0,,Non HTTP response code: java.net.MalformedURLException,Non HTTP response message: Illegal character found in host: '{',8 - [SIN RL] Sustained 4-9,false,,875,null,0
1780789433036,0,,Non HTTP response code: java.net.MalformedURLException,Non HTTP response message: Illegal character found in host: '{',8 - [SIN RL] Sustained 4-9,false,,875,null,0
1780789433037,0,,Non HTTP response code: java.net.MalformedURLException,Non HTTP response message: Illegal character found in host: '{',8 - [SIN RL] Sustained 4-9,false,,875,null,0
1780789433037,0,,Non HTTP response code: java.net.MalformedURLException,Non HTTP response message: Illegal character found in host: '{',8 - [SIN RL] Sustained 4-9,false,,875,null,0
1780789433037,0,,Non HTTP response code: java.net.MalformedURLException,Non HTTP response message: Illegal character found in host: '{',8 - [SIN RL] Sustained 4-9,false,,875,null,0
1780789433037,0,,Non HTTP response code: java.net.MalformedURLException,Non HTTP response message: Illegal character found in host: '{',8 - [SIN RL] Sustained 4-9,false,,875,null,0
1780789433037,0,,Non HTTP response code: java.net.MalformedURLException,Non HTTP response message: Illegal character found in host: '{',8 - [SIN RL] Sustained 4-9,false,,875,null,0
1780789433037,0,,Non HTTP response code: java.net.MalformedURLException,Non HTTP response message: Illegal character found in host: '{',8 - [SIN RL] Sustained 4-9,false,,875,null,0
1780789433037,0,,Non HTTP response code: java.net.MalformedURLException,Non HTTP response message: Illegal character found in host: '{',8 - [SIN RL] Sustained 4-9,false,,875,null,0
1780789433037,0,,Non HTTP response code: java.net.MalformedURLException,Non HTTP response message: Illegal character found in host: '{',8 - [SIN RL] Sustained 4-9,false,,875,null,0
1780789433037,0,,Non HTTP response code: java.net.MalformedURLException,Non HTTP response message: Illegal character found in host: '{',8 - [SIN RL] Sustained 4-9,false,,875,null,0
1780789433037,0,,Non HTTP response code: java.net.MalformedURLException,Non HTTP response message: Illegal character found in host: '{',8 - [SIN RL] Sustained 4-9,false,,875,null,0
1780789433037,0,,Non HTTP response code: java.net.MalformedURLException,Non HTTP response message: Illegal character found in host: '{',8 - [SIN RL] Sustained 4-9,false,,875,null,0
1780789433037,0,,Non HTTP response code: java.net.MalformedURLException,Non HTTP response message: Illegal character found in host: '{',8 - [SIN RL] Sustained 4-9,false,,875,null,0
1780789433037,0,,Non HTTP response code: java.net.MalformedURLException,Non HTTP response message: Illegal character found in host: '{',8 - [SIN RL] Sustained 4-9,false,,875,null,0
1780789433037,0,,Non HTTP response code: java.net.MalformedURLException,Non HTTP response message: Illegal character found in host: '{',8 - [SIN RL] Sustained 4-9,false,,875,null,0
1780789433037,0,,Non HTTP response code: java.net.MalformedURLException,Non HTTP response message: Illegal character found in host: '{',8 - [SIN RL] Sustained 4-9,false,,875,null,0
1780789437039,0,,Non HTTP response code: java.net.MalformedURLException,Non HTTP response message: Illegal character found in host: '{',8 - [SIN RL] Sustained 4-10,false,,875,null,0
1780789437039,0,,Non HTTP response code: java.net.MalformedURLException,Non HTTP response message: Illegal character found in host: '{',8 - [SIN RL] Sustained 4-10,false,,875,null,0
1780789437039,0,,Non HTTP response code: java.net.MalformedURLException,Non HTTP response message: Illegal character found in host: '{',8 - [SIN RL] Sustained 4-10,false,,875,null,0
1780789437039,0,,Non HTTP response code: java.net.MalformedURLException,Non HTTP response message: Illegal character found in host: '{',8 - [SIN RL] Sustained 4-10,false,,875,null,0
1780789437039,0,,Non HTTP response code: java.net.MalformedURLException,Non HTTP response message: Illegal character found in host: '{',8 - [SIN RL] Sustained 4-10,false,,875,null,0
1780789437039,0,,Non HTTP response code: java.net.MalformedURLException,Non HTTP response message: Illegal character found in host: '{',8 - [SIN RL] Sustained 4-10,false,,875,null,0
1780789437039,0,,Non HTTP response code: java.net.MalformedURLException,Non HTTP response message: Illegal character found in host: '{',8 - [SIN RL] Sustained 4-10,false,,875,null,0
1780789437039,0,,Non HTTP response code: java.net.MalformedURLException,Non HTTP response message: Illegal character found in host: '{',8 - [SIN RL] Sustained 4-10,false,,875,null,0
1780789437039,0,,Non HTTP response code: java.net.MalformedURLException,Non HTTP response message: Illegal character found in host: '{',8 - [SIN RL] Sustained 4-10,false,,875,null,0
1780789437039,0,,Non HTTP response code: java.net.MalformedURLException,Non HTTP response message: Illegal character found in host: '{',8 - [SIN RL] Sustained 4-10,false,,875,null,0
1780789437039,0,,Non HTTP response code: java.net.MalformedURLException,Non HTTP response message: Illegal character found in host: '{',8 - [SIN RL] Sustained 4-10,false,,875,null,0
1780789437039,0,,Non HTTP response code: java.net.MalformedURLException,Non HTTP response message: Illegal character found in host: '{',8 - [SIN RL] Sustained 4-10,false,,875,null,0
1780789437039,0,,Non HTTP response code: java.net.MalformedURLException,Non HTTP response message: Illegal character found in host: '{',8 - [SIN RL] Sustained 4-10,false,,875,null,0
1780789437039,0,,Non HTTP response code: java.net.MalformedURLException,Non HTTP response message: Illegal character found in host: '{',8 - [SIN RL] Sustained 4-10,false,,875,null,0
1780789437039,0,,Non HTTP response code: java.net.MalformedURLException,Non HTTP response message: Illegal character found in host: '{',8 - [SIN RL] Sustained 4-10,false,,875,null,0
1780789437039,0,,Non HTTP response code: java.net.MalformedURLException,Non HTTP response message: Illegal character found in host: '{',8 - [SIN RL] Sustained 4-10,false,,875,null,0
1780789437039,0,,Non HTTP response code: java.net.MalformedURLException,Non HTTP response message: Illegal character found in host: '{',8 - [SIN RL] Sustained 4-10,false,,875,null,0
1780789437039,0,,Non HTTP response code: java.net.MalformedURLException,Non HTTP response message: Illegal character found in host: '{',8 - [SIN RL] Sustained 4-10,false,,875,null,0
1780789437039,0,,Non HTTP response code: java.net.MalformedURLException,Non HTTP response message: Illegal character found in host: '{',8 - [SIN RL] Sustained 4-10,false,,875,null,0
1780789437039,0,,Non HTTP response code: java.net.MalformedURLException,Non HTTP response message: Illegal character found in host: '{',8 - [SIN RL] Sustained 4-10,false,,875,null,0
1780789441033,0,,Non HTTP response code: java.net.MalformedURLException,Non HTTP response message: Illegal character found in host: '{',8 - [SIN RL] Sustained 4-11,false,,875,null,0
1780789441033,0,,Non HTTP response code: java.net.MalformedURLException,Non HTTP response message: Illegal character found in host: '{',8 - [SIN RL] Sustained 4-11,false,,875,null,0
1780789441033,0,,Non HTTP response code: java.net.MalformedURLException,Non HTTP response message: Illegal character found in host: '{',8 - [SIN RL] Sustained 4-11,false,,875,null,0
1780789441033,0,,Non HTTP response code: java.net.MalformedURLException,Non HTTP response message: Illegal character found in host: '{',8 - [SIN RL] Sustained 4-11,false,,875,null,0
1780789441033,0,,Non HTTP response code: java.net.MalformedURLException,Non HTTP response message: Illegal character found in host: '{',8 - [SIN RL] Sustained 4-11,false,,875,null,0
1780789441033,0,,Non HTTP response code: java.net.MalformedURLException,Non HTTP response message: Illegal character found in host: '{',8 - [SIN RL] Sustained 4-11,false,,875,null,0
1780789441033,0,,Non HTTP response code: java.net.MalformedURLException,Non HTTP response message: Illegal character found in host: '{',8 - [SIN RL] Sustained 4-11,false,,875,null,0
1780789441033,0,,Non HTTP response code: java.net.MalformedURLException,Non HTTP response message: Illegal character found in host: '{',8 - [SIN RL] Sustained 4-11,false,,875,null,0
1780789441033,0,,Non HTTP response code: java.net.MalformedURLException,Non HTTP response message: Illegal character found in host: '{',8 - [SIN RL] Sustained 4-11,false,,875,null,0
1780789441033,0,,Non HTTP response code: java.net.MalformedURLException,Non HTTP response message: Illegal character found in host: '{',8 - [SIN RL] Sustained 4-11,false,,875,null,0
1780789441033,0,,Non HTTP response code: java.net.MalformedURLException,Non HTTP response message: Illegal character found in host: '{',8 - [SIN RL] Sustained 4-11,false,,875,null,0
1780789441033,0,,Non HTTP response code: java.net.MalformedURLException,Non HTTP response message: Illegal character found in host: '{',8 - [SIN RL] Sustained 4-11,false,,875,null,0
1780789441033,0,,Non HTTP response code: java.net.MalformedURLException,Non HTTP response message: Illegal character found in host: '{',8 - [SIN RL] Sustained 4-11,false,,875,null,0
1780789441033,0,,Non HTTP response code: java.net.MalformedURLException,Non HTTP response message: Illegal character found in host: '{',8 - [SIN RL] Sustained 4-11,false,,875,null,0
1780789441033,0,,Non HTTP response code: java.net.MalformedURLException,Non HTTP response message: Illegal character found in host: '{',8 - [SIN RL] Sustained 4-11,false,,875,null,0
1780789441033,0,,Non HTTP response code: java.net.MalformedURLException,Non HTTP response message: Illegal character found in host: '{',8 - [SIN RL] Sustained 4-11,false,,875,null,0
1780789441033,0,,Non HTTP response code: java.net.MalformedURLException,Non HTTP response message: Illegal character found in host: '{',8 - [SIN RL] Sustained 4-11,false,,875,null,0
1780789441033,0,,Non HTTP response code: java.net.MalformedURLException,Non HTTP response message: Illegal character found in host: '{',8 - [SIN RL] Sustained 4-11,false,,875,null,0
1780789441033,0,,Non HTTP response code: java.net.MalformedURLException,Non HTTP response message: Illegal character found in host: '{',8 - [SIN RL] Sustained 4-11,false,,875,null,0
1780789441033,0,,Non HTTP response code: java.net.MalformedURLException,Non HTTP response message: Illegal character found in host: '{',8 - [SIN RL] Sustained 4-11,false,,875,null,0
1780789445030,0,,Non HTTP response code: java.net.MalformedURLException,Non HTTP response message: Illegal character found in host: '{',8 - [SIN RL] Sustained 4-12,false,,875,null,0
1780789445030,0,,Non HTTP response code: java.net.MalformedURLException,Non HTTP response message: Illegal character found in host: '{',8 - [SIN RL] Sustained 4-12,false,,875,null,0
1780789445030,0,,Non HTTP response code: java.net.MalformedURLException,Non HTTP response message: Illegal character found in host: '{',8 - [SIN RL] Sustained 4-12,false,,875,null,0
1780789445030,0,,Non HTTP response code: java.net.MalformedURLException,Non HTTP response message: Illegal character found in host: '{',8 - [SIN RL] Sustained 4-12,false,,875,null,0
1780789445030,0,,Non HTTP response code: java.net.MalformedURLException,Non HTTP response message: Illegal character found in host: '{',8 - [SIN RL] Sustained 4-12,false,,875,null,0
1780789445030,0,,Non HTTP response code: java.net.MalformedURLException,Non HTTP response message: Illegal character found in host: '{',8 - [SIN RL] Sustained 4-12,false,,875,null,0
1780789445030,0,,Non HTTP response code: java.net.MalformedURLException,Non HTTP response message: Illegal character found in host: '{',8 - [SIN RL] Sustained 4-12,false,,875,null,0
1780789445030,0,,Non HTTP response code: java.net.MalformedURLException,Non HTTP response message: Illegal character found in host: '{',8 - [SIN RL] Sustained 4-12,false,,875,null,0
1780789445030,0,,Non HTTP response code: java.net.MalformedURLException,Non HTTP response message: Illegal character found in host: '{',8 - [SIN RL] Sustained 4-12,false,,875,null,0
1780789445030,0,,Non HTTP response code: java.net.MalformedURLException,Non HTTP response message: Illegal character found in host: '{',8 - [SIN RL] Sustained 4-12,false,,875,null,0
1780789445030,0,,Non HTTP response code: java.net.MalformedURLException,Non HTTP response message: Illegal character found in host: '{',8 - [SIN RL] Sustained 4-12,false,,875,null,0
1780789445030,0,,Non HTTP response code: java.net.MalformedURLException,Non HTTP response message: Illegal character found in host: '{',8 - [SIN RL] Sustained 4-12,false,,875,null,0
1780789445030,0,,Non HTTP response code: java.net.MalformedURLException,Non HTTP response message: Illegal character found in host: '{',8 - [SIN RL] Sustained 4-12,false,,875,null,0
1780789445030,0,,Non HTTP response code: java.net.MalformedURLException,Non HTTP response message: Illegal character found in host: '{',8 - [SIN RL] Sustained 4-12,false,,875,null,0
1780789445030,0,,Non HTTP response code: java.net.MalformedURLException,Non HTTP response message: Illegal character found in host: '{',8 - [SIN RL] Sustained 4-12,false,,875,null,0
1780789445030,0,,Non HTTP response code: java.net.MalformedURLException,Non HTTP response message: Illegal character found in host: '{',8 - [SIN RL] Sustained 4-12,false,,875,null,0
1780789445030,0,,Non HTTP response code: java.net.MalformedURLException,Non HTTP response message: Illegal character found in host: '{',8 - [SIN RL] Sustained 4-12,false,,875,null,0
1780789445030,0,,Non HTTP response code: java.net.MalformedURLException,Non HTTP response message: Illegal character found in host: '{',8 - [SIN RL] Sustained 4-12,false,,875,null,0
1780789445030,0,,Non HTTP response code: java.net.MalformedURLException,Non HTTP response message: Illegal character found in host: '{',8 - [SIN RL] Sustained 4-12,false,,875,null,0
1780789445030,0,,Non HTTP response code: java.net.MalformedURLException,Non HTTP response message: Illegal character found in host: '{',8 - [SIN RL] Sustained 4-12,false,,875,null,0
1780789449030,0,,Non HTTP response code: java.net.MalformedURLException,Non HTTP response message: Illegal character found in host: '{',8 - [SIN RL] Sustained 4-13,false,,875,null,0
1780789449030,0,,Non HTTP response code: java.net.MalformedURLException,Non HTTP response message: Illegal character found in host: '{',8 - [SIN RL] Sustained 4-13,false,,875,null,0
1780789449030,0,,Non HTTP response code: java.net.MalformedURLException,Non HTTP response message: Illegal character found in host: '{',8 - [SIN RL] Sustained 4-13,false,,875,null,0
1780789449030,0,,Non HTTP response code: java.net.MalformedURLException,Non HTTP response message: Illegal character found in host: '{',8 - [SIN RL] Sustained 4-13,false,,875,null,0
1780789449030,0,,Non HTTP response code: java.net.MalformedURLException,Non HTTP response message: Illegal character found in host: '{',8 - [SIN RL] Sustained 4-13,false,,875,null,0
1780789449030,0,,Non HTTP response code: java.net.MalformedURLException,Non HTTP response message: Illegal character found in host: '{',8 - [SIN RL] Sustained 4-13,false,,875,null,0
1780789449030,0,,Non HTTP response code: java.net.MalformedURLException,Non HTTP response message: Illegal character found in host: '{',8 - [SIN RL] Sustained 4-13,false,,875,null,0
1780789449030,0,,Non HTTP response code: java.net.MalformedURLException,Non HTTP response message: Illegal character found in host: '{',8 - [SIN RL] Sustained 4-13,false,,875,null,0
1780789449030,0,,Non HTTP response code: java.net.MalformedURLException,Non HTTP response message: Illegal character found in host: '{',8 - [SIN RL] Sustained 4-13,false,,875,null,0
1780789449030,0,,Non HTTP response code: java.net.MalformedURLException,Non HTTP response message: Illegal character found in host: '{',8 - [SIN RL] Sustained 4-13,false,,875,null,0
1780789449030,0,,Non HTTP response code: java.net.MalformedURLException,Non HTTP response message: Illegal character found in host: '{',8 - [SIN RL] Sustained 4-13,false,,875,null,0
1780789449030,0,,Non HTTP response code: java.net.MalformedURLException,Non HTTP response message: Illegal character found in host: '{',8 - [SIN RL] Sustained 4-13,false,,875,null,0
1780789449030,0,,Non HTTP response code: java.net.MalformedURLException,Non HTTP response message: Illegal character found in host: '{',8 - [SIN RL] Sustained 4-13,false,,875,null,0
1780789449030,0,,Non HTTP response code: java.net.MalformedURLException,Non HTTP response message: Illegal character found in host: '{',8 - [SIN RL] Sustained 4-13,false,,875,null,0
1780789449031,0,,Non HTTP response code: java.net.MalformedURLException,Non HTTP response message: Illegal character found in host: '{',8 - [SIN RL] Sustained 4-13,false,,875,null,0
1780789449031,0,,Non HTTP response code: java.net.MalformedURLException,Non HTTP response message: Illegal character found in host: '{',8 - [SIN RL] Sustained 4-13,false,,875,null,0
1780789449031,0,,Non HTTP response code: java.net.MalformedURLException,Non HTTP response message: Illegal character found in host: '{',8 - [SIN RL] Sustained 4-13,false,,875,null,0
1780789449031,0,,Non HTTP response code: java.net.MalformedURLException,Non HTTP response message: Illegal character found in host: '{',8 - [SIN RL] Sustained 4-13,false,,875,null,0
1780789449031,0,,Non HTTP response code: java.net.MalformedURLException,Non HTTP response message: Illegal character found in host: '{',8 - [SIN RL] Sustained 4-13,false,,875,null,0
1780789449031,0,,Non HTTP response code: java.net.MalformedURLException,Non HTTP response message: Illegal character found in host: '{',8 - [SIN RL] Sustained 4-13,false,,875,null,0
1780789453028,0,,Non HTTP response code: java.net.MalformedURLException,Non HTTP response message: Illegal character found in host: '{',8 - [SIN RL] Sustained 4-14,false,,875,null,0
1780789453028,0,,Non HTTP response code: java.net.MalformedURLException,Non HTTP response message: Illegal character found in host: '{',8 - [SIN RL] Sustained 4-14,false,,875,null,0
1780789453028,0,,Non HTTP response code: java.net.MalformedURLException,Non HTTP response message: Illegal character found in host: '{',8 - [SIN RL] Sustained 4-14,false,,875,null,0
1780789453028,0,,Non HTTP response code: java.net.MalformedURLException,Non HTTP response message: Illegal character found in host: '{',8 - [SIN RL] Sustained 4-14,false,,875,null,0
1780789453028,0,,Non HTTP response code: java.net.MalformedURLException,Non HTTP response message: Illegal character found in host: '{',8 - [SIN RL] Sustained 4-14,false,,875,null,0
1780789453028,0,,Non HTTP response code: java.net.MalformedURLException,Non HTTP response message: Illegal character found in host: '{',8 - [SIN RL] Sustained 4-14,false,,875,null,0
1780789453028,0,,Non HTTP response code: java.net.MalformedURLException,Non HTTP response message: Illegal character found in host: '{',8 - [SIN RL] Sustained 4-14,false,,875,null,0
1780789453028,0,,Non HTTP response code: java.net.MalformedURLException,Non HTTP response message: Illegal character found in host: '{',8 - [SIN RL] Sustained 4-14,false,,875,null,0
1780789453028,0,,Non HTTP response code: java.net.MalformedURLException,Non HTTP response message: Illegal character found in host: '{',8 - [SIN RL] Sustained 4-14,false,,875,null,0
1780789453028,0,,Non HTTP response code: java.net.MalformedURLException,Non HTTP response message: Illegal character found in host: '{',8 - [SIN RL] Sustained 4-14,false,,875,null,0
1780789453028,0,,Non HTTP response code: java.net.MalformedURLException,Non HTTP response message: Illegal character found in host: '{',8 - [SIN RL] Sustained 4-14,false,,875,null,0
1780789453028,0,,Non HTTP response code: java.net.MalformedURLException,Non HTTP response message: Illegal character found in host: '{',8 - [SIN RL] Sustained 4-14,false,,875,null,0
1780789453028,0,,Non HTTP response code: java.net.MalformedURLException,Non HTTP response message: Illegal character found in host: '{',8 - [SIN RL] Sustained 4-14,false,,875,null,0
1780789453028,0,,Non HTTP response code: java.net.MalformedURLException,Non HTTP response message: Illegal character found in host: '{',8 - [SIN RL] Sustained 4-14,false,,875,null,0
1780789453028,0,,Non HTTP response code: java.net.MalformedURLException,Non HTTP response message: Illegal character found in host: '{',8 - [SIN RL] Sustained 4-14,false,,875,null,0
1780789453029,0,,Non HTTP response code: java.net.MalformedURLException,Non HTTP response message: Illegal character found in host: '{',8 - [SIN RL] Sustained 4-14,false,,875,null,0
1780789453029,0,,Non HTTP response code: java.net.MalformedURLException,Non HTTP response message: Illegal character found in host: '{',8 - [SIN RL] Sustained 4-14,false,,875,null,0
1780789453029,0,,Non HTTP response code: java.net.MalformedURLException,Non HTTP response message: Illegal character found in host: '{',8 - [SIN RL] Sustained 4-14,false,,875,null,0
1780789453029,0,,Non HTTP response code: java.net.MalformedURLException,Non HTTP response message: Illegal character found in host: '{',8 - [SIN RL] Sustained 4-14,false,,875,null,0
1780789453029,0,,Non HTTP response code: java.net.MalformedURLException,Non HTTP response message: Illegal character found in host: '{',8 - [SIN RL] Sustained 4-14,false,,875,null,0
1780789457031,0,,Non HTTP response code: java.net.MalformedURLException,Non HTTP response message: Illegal character found in host: '{',8 - [SIN RL] Sustained 4-15,false,,875,null,0
1780789457031,0,,Non HTTP response code: java.net.MalformedURLException,Non HTTP response message: Illegal character found in host: '{',8 - [SIN RL] Sustained 4-15,false,,875,null,0
1780789457031,0,,Non HTTP response code: java.net.MalformedURLException,Non HTTP response message: Illegal character found in host: '{',8 - [SIN RL] Sustained 4-15,false,,875,null,0
1780789457031,0,,Non HTTP response code: java.net.MalformedURLException,Non HTTP response message: Illegal character found in host: '{',8 - [SIN RL] Sustained 4-15,false,,875,null,0
1780789457031,0,,Non HTTP response code: java.net.MalformedURLException,Non HTTP response message: Illegal character found in host: '{',8 - [SIN RL] Sustained 4-15,false,,875,null,0
1780789457031,0,,Non HTTP response code: java.net.MalformedURLException,Non HTTP response message: Illegal character found in host: '{',8 - [SIN RL] Sustained 4-15,false,,875,null,0
1780789457031,0,,Non HTTP response code: java.net.MalformedURLException,Non HTTP response message: Illegal character found in host: '{',8 - [SIN RL] Sustained 4-15,false,,875,null,0
1780789457032,0,,Non HTTP response code: java.net.MalformedURLException,Non HTTP response message: Illegal character found in host: '{',8 - [SIN RL] Sustained 4-15,false,,875,null,0
1780789457032,0,,Non HTTP response code: java.net.MalformedURLException,Non HTTP response message: Illegal character found in host: '{',8 - [SIN RL] Sustained 4-15,false,,875,null,0
1780789457032,0,,Non HTTP response code: java.net.MalformedURLException,Non HTTP response message: Illegal character found in host: '{',8 - [SIN RL] Sustained 4-15,false,,875,null,0
1780789457032,0,,Non HTTP response code: java.net.MalformedURLException,Non HTTP response message: Illegal character found in host: '{',8 - [SIN RL] Sustained 4-15,false,,875,null,0
1780789457032,0,,Non HTTP response code: java.net.MalformedURLException,Non HTTP response message: Illegal character found in host: '{',8 - [SIN RL] Sustained 4-15,false,,875,null,0
1780789457032,0,,Non HTTP response code: java.net.MalformedURLException,Non HTTP response message: Illegal character found in host: '{',8 - [SIN RL] Sustained 4-15,false,,875,null,0
1780789457032,0,,Non HTTP response code: java.net.MalformedURLException,Non HTTP response message: Illegal character found in host: '{',8 - [SIN RL] Sustained 4-15,false,,875,null,0
1780789457032,0,,Non HTTP response code: java.net.MalformedURLException,Non HTTP response message: Illegal character found in host: '{',8 - [SIN RL] Sustained 4-15,false,,875,null,0
1780789457032,0,,Non HTTP response code: java.net.MalformedURLException,Non HTTP response message: Illegal character found in host: '{',8 - [SIN RL] Sustained 4-15,false,,875,null,0
1780789457032,0,,Non HTTP response code: java.net.MalformedURLException,Non HTTP response message: Illegal character found in host: '{',8 - [SIN RL] Sustained 4-15,false,,875,null,0
1780789457032,0,,Non HTTP response code: java.net.MalformedURLException,Non HTTP response message: Illegal character found in host: '{',8 - [SIN RL] Sustained 4-15,false,,875,null,0
1780789457032,0,,Non HTTP response code: java.net.MalformedURLException,Non HTTP response message: Illegal character found in host: '{',8 - [SIN RL] Sustained 4-15,false,,875,null,0
1780789457032,0,,Non HTTP response code: java.net.MalformedURLException,Non HTTP response message: Illegal character found in host: '{',8 - [SIN RL] Sustained 4-15,false,,875,null,0
1780789634646,402,POST /ai/chat,429,Too Many Requests,8 - [SIN RL] Sustained 4-1,false,,815,https://localhost:8443/ai/chat/,394
1780789635048,61,POST /ai/chat,429,Too Many Requests,8 - [SIN RL] Sustained 4-1,false,,815,https://localhost:8443/ai/chat/,61
1780789635110,52,POST /ai/chat,429,Too Many Requests,8 - [SIN RL] Sustained 4-1,false,,815,https://localhost:8443/ai/chat/,51
1780789635162,23,POST /ai/chat,429,Too Many Requests,8 - [SIN RL] Sustained 4-1,false,,815,https://localhost:8443/ai/chat/,23
1780789635186,25,POST /ai/chat,429,Too Many Requests,8 - [SIN RL] Sustained 4-1,false,,815,https://localhost:8443/ai/chat/,25
1780789635211,34,POST /ai/chat,429,Too Many Requests,8 - [SIN RL] Sustained 4-1,false,,815,https://localhost:8443/ai/chat/,34
1780789635245,13,POST /ai/chat,429,Too Many Requests,8 - [SIN RL] Sustained 4-1,false,,815,https://localhost:8443/ai/chat/,13
1780789635259,6,POST /ai/chat,429,Too Many Requests,8 - [SIN RL] Sustained 4-1,false,,815,https://localhost:8443/ai/chat/,6
1780789635265,5,POST /ai/chat,429,Too Many Requests,8 - [SIN RL] Sustained 4-1,false,,815,https://localhost:8443/ai/chat/,5
1780789635270,5,POST /ai/chat,429,Too Many Requests,8 - [SIN RL] Sustained 4-1,false,,815,https://localhost:8443/ai/chat/,5
1780789635275,6,POST /ai/chat,429,Too Many Requests,8 - [SIN RL] Sustained 4-1,false,,815,https://localhost:8443/ai/chat/,6
1780789635281,4,POST /ai/chat,429,Too Many Requests,8 - [SIN RL] Sustained 4-1,false,,815,https://localhost:8443/ai/chat/,4
1780789635285,4,POST /ai/chat,429,Too Many Requests,8 - [SIN RL] Sustained 4-1,false,,815,https://localhost:8443/ai/chat/,4
1780789635290,3,POST /ai/chat,429,Too Many Requests,8 - [SIN RL] Sustained 4-1,false,,815,https://localhost:8443/ai/chat/,3
1780789635294,3,POST /ai/chat,429,Too Many Requests,8 - [SIN RL] Sustained 4-1,false,,815,https://localhost:8443/ai/chat/,3
1780789635297,3,POST /ai/chat,429,Too Many Requests,8 - [SIN RL] Sustained 4-1,false,,815,https://localhost:8443/ai/chat/,3
1780789635300,5,POST /ai/chat,429,Too Many Requests,8 - [SIN RL] Sustained 4-1,false,,815,https://localhost:8443/ai/chat/,5
1780789635305,6,POST /ai/chat,429,Too Many Requests,8 - [SIN RL] Sustained 4-1,false,,815,https://localhost:8443/ai/chat/,6
1780789635312,4,POST /ai/chat,429,Too Many Requests,8 - [SIN RL] Sustained 4-1,false,,815,https://localhost:8443/ai/chat/,4
1780789635316,4,POST /ai/chat,429,Too Many Requests,8 - [SIN RL] Sustained 4-1,false,,815,https://localhost:8443/ai/chat/,4
1780789638535,9,POST /ai/chat,429,Too Many Requests,8 - [SIN RL] Sustained 4-2,false,,815,https://localhost:8443/ai/chat/,9
1780789638544,3,POST /ai/chat,429,Too Many Requests,8 - [SIN RL] Sustained 4-2,false,,815,https://localhost:8443/ai/chat/,3
1780789638547,3,POST /ai/chat,429,Too Many Requests,8 - [SIN RL] Sustained 4-2,false,,815,https://localhost:8443/ai/chat/,3
1780789638550,2,POST /ai/chat,429,Too Many Requests,8 - [SIN RL] Sustained 4-2,false,,815,https://localhost:8443/ai/chat/,2
1780789638552,3,POST /ai/chat,429,Too Many Requests,8 - [SIN RL] Sustained 4-2,false,,815,https://localhost:8443/ai/chat/,3
1780789638555,2,POST /ai/chat,429,Too Many Requests,8 - [SIN RL] Sustained 4-2,false,,815,https://localhost:8443/ai/chat/,2
1780789638557,4,POST /ai/chat,429,Too Many Requests,8 - [SIN RL] Sustained 4-2,false,,815,https://localhost:8443/ai/chat/,4
1780789638561,3,POST /ai/chat,429,Too Many Requests,8 - [SIN RL] Sustained 4-2,false,,815,https://localhost:8443/ai/chat/,3
1780789638564,3,POST /ai/chat,429,Too Many Requests,8 - [SIN RL] Sustained 4-2,false,,815,https://localhost:8443/ai/chat/,3
1780789638568,2,POST /ai/chat,429,Too Many Requests,8 - [SIN RL] Sustained 4-2,false,,815,https://localhost:8443/ai/chat/,2
1780789638570,3,POST /ai/chat,429,Too Many Requests,8 - [SIN RL] Sustained 4-2,false,,815,https://localhost:8443/ai/chat/,3
1780789638573,3,POST /ai/chat,429,Too Many Requests,8 - [SIN RL] Sustained 4-2,false,,815,https://localhost:8443/ai/chat/,3
1780789638576,2,POST /ai/chat,429,Too Many Requests,8 - [SIN RL] Sustained 4-2,false,,815,https://localhost:8443/ai/chat/,2
1780789638578,3,POST /ai/chat,429,Too Many Requests,8 - [SIN RL] Sustained 4-2,false,,815,https://localhost:8443/ai/chat/,3
1780789638581,2,POST /ai/chat,429,Too Many Requests,8 - [SIN RL] Sustained 4-2,false,,815,https://localhost:8443/ai/chat/,2
1780789638584,2,POST /ai/chat,429,Too Many Requests,8 - [SIN RL] Sustained 4-2,false,,815,https://localhost:8443/ai/chat/,2
1780789638586,3,POST /ai/chat,429,Too Many Requests,8 - [SIN RL] Sustained 4-2,false,,815,https://localhost:8443/ai/chat/,3
1780789638593,5,POST /ai/chat,429,Too Many Requests,8 - [SIN RL] Sustained 4-2,false,,815,https://localhost:8443/ai/chat/,5
1780789638598,3,POST /ai/chat,429,Too Many Requests,8 - [SIN RL] Sustained 4-2,false,,815,https://localhost:8443/ai/chat/,3
1780789638601,3,POST /ai/chat,429,Too Many Requests,8 - [SIN RL] Sustained 4-2,false,,815,https://localhost:8443/ai/chat/,3
1780789642534,10,POST /ai/chat,429,Too Many Requests,8 - [SIN RL] Sustained 4-3,false,,815,https://localhost:8443/ai/chat/,9
1780789642544,3,POST /ai/chat,429,Too Many Requests,8 - [SIN RL] Sustained 4-3,false,,815,https://localhost:8443/ai/chat/,3
1780789642548,2,POST /ai/chat,429,Too Many Requests,8 - [SIN RL] Sustained 4-3,false,,815,https://localhost:8443/ai/chat/,2
1780789642551,3,POST /ai/chat,429,Too Many Requests,8 - [SIN RL] Sustained 4-3,false,,815,https://localhost:8443/ai/chat/,3
1780789642554,2,POST /ai/chat,429,Too Many Requests,8 - [SIN RL] Sustained 4-3,false,,815,https://localhost:8443/ai/chat/,2
1780789642556,3,POST /ai/chat,429,Too Many Requests,8 - [SIN RL] Sustained 4-3,false,,815,https://localhost:8443/ai/chat/,3
1780789642559,3,POST /ai/chat,429,Too Many Requests,8 - [SIN RL] Sustained 4-3,false,,815,https://localhost:8443/ai/chat/,2
1780789642562,2,POST /ai/chat,429,Too Many Requests,8 - [SIN RL] Sustained 4-3,false,,815,https://localhost:8443/ai/chat/,2
1780789642564,3,POST /ai/chat,429,Too Many Requests,8 - [SIN RL] Sustained 4-3,false,,815,https://localhost:8443/ai/chat/,3
1780789642567,3,POST /ai/chat,429,Too Many Requests,8 - [SIN RL] Sustained 4-3,false,,815,https://localhost:8443/ai/chat/,3
1780789642570,2,POST /ai/chat,429,Too Many Requests,8 - [SIN RL] Sustained 4-3,false,,815,https://localhost:8443/ai/chat/,2
1780789642572,2,POST /ai/chat,429,Too Many Requests,8 - [SIN RL] Sustained 4-3,false,,815,https://localhost:8443/ai/chat/,2
1780789642575,1,POST /ai/chat,429,Too Many Requests,8 - [SIN RL] Sustained 4-3,false,,815,https://localhost:8443/ai/chat/,1
1780789642577,2,POST /ai/chat,429,Too Many Requests,8 - [SIN RL] Sustained 4-3,false,,815,https://localhost:8443/ai/chat/,2
1780789642579,3,POST /ai/chat,429,Too Many Requests,8 - [SIN RL] Sustained 4-3,false,,815,https://localhost:8443/ai/chat/,3
1780789642582,3,POST /ai/chat,429,Too Many Requests,8 - [SIN RL] Sustained 4-3,false,,815,https://localhost:8443/ai/chat/,3
1780789642585,4,POST /ai/chat,429,Too Many Requests,8 - [SIN RL] Sustained 4-3,false,,815,https://localhost:8443/ai/chat/,4
1780789642589,3,POST /ai/chat,429,Too Many Requests,8 - [SIN RL] Sustained 4-3,false,,815,https://localhost:8443/ai/chat/,2
1780789642592,2,POST /ai/chat,429,Too Many Requests,8 - [SIN RL] Sustained 4-3,false,,815,https://localhost:8443/ai/chat/,2
1780789642598,3,POST /ai/chat,429,Too Many Requests,8 - [SIN RL] Sustained 4-3,false,,815,https://localhost:8443/ai/chat/,3
1780789646536,8,POST /ai/chat,429,Too Many Requests,8 - [SIN RL] Sustained 4-4,false,,815,https://localhost:8443/ai/chat/,8
1780789646545,4,POST /ai/chat,429,Too Many Requests,8 - [SIN RL] Sustained 4-4,false,,815,https://localhost:8443/ai/chat/,4
1780789646549,4,POST /ai/chat,429,Too Many Requests,8 - [SIN RL] Sustained 4-4,false,,815,https://localhost:8443/ai/chat/,4
1780789646553,4,POST /ai/chat,429,Too Many Requests,8 - [SIN RL] Sustained 4-4,false,,815,https://localhost:8443/ai/chat/,4
1780789646557,3,POST /ai/chat,429,Too Many Requests,8 - [SIN RL] Sustained 4-4,false,,815,https://localhost:8443/ai/chat/,3
1780789646561,2,POST /ai/chat,429,Too Many Requests,8 - [SIN RL] Sustained 4-4,false,,815,https://localhost:8443/ai/chat/,2
1780789646563,3,POST /ai/chat,429,Too Many Requests,8 - [SIN RL] Sustained 4-4,false,,815,https://localhost:8443/ai/chat/,3
1780789646566,3,POST /ai/chat,429,Too Many Requests,8 - [SIN RL] Sustained 4-4,false,,815,https://localhost:8443/ai/chat/,3
1780789646569,2,POST /ai/chat,429,Too Many Requests,8 - [SIN RL] Sustained 4-4,false,,815,https://localhost:8443/ai/chat/,2
1780789646571,3,POST /ai/chat,429,Too Many Requests,8 - [SIN RL] Sustained 4-4,false,,815,https://localhost:8443/ai/chat/,3
1780789646574,3,POST /ai/chat,429,Too Many Requests,8 - [SIN RL] Sustained 4-4,false,,815,https://localhost:8443/ai/chat/,2
1780789646577,3,POST /ai/chat,429,Too Many Requests,8 - [SIN RL] Sustained 4-4,false,,815,https://localhost:8443/ai/chat/,3
1780789646580,3,POST /ai/chat,429,Too Many Requests,8 - [SIN RL] Sustained 4-4,false,,815,https://localhost:8443/ai/chat/,3
1780789646583,4,POST /ai/chat,429,Too Many Requests,8 - [SIN RL] Sustained 4-4,false,,815,https://localhost:8443/ai/chat/,4
1780789646587,3,POST /ai/chat,429,Too Many Requests,8 - [SIN RL] Sustained 4-4,false,,815,https://localhost:8443/ai/chat/,3
1780789646590,3,POST /ai/chat,429,Too Many Requests,8 - [SIN RL] Sustained 4-4,false,,815,https://localhost:8443/ai/chat/,3
1780789646594,2,POST /ai/chat,429,Too Many Requests,8 - [SIN RL] Sustained 4-4,false,,815,https://localhost:8443/ai/chat/,2
1780789646596,3,POST /ai/chat,429,Too Many Requests,8 - [SIN RL] Sustained 4-4,false,,815,https://localhost:8443/ai/chat/,3
1780789646599,3,POST /ai/chat,429,Too Many Requests,8 - [SIN RL] Sustained 4-4,false,,815,https://localhost:8443/ai/chat/,3
1780789646604,3,POST /ai/chat,429,Too Many Requests,8 - [SIN RL] Sustained 4-4,false,,815,https://localhost:8443/ai/chat/,3
1780789650536,25,POST /ai/chat,429,Too Many Requests,8 - [SIN RL] Sustained 4-5,false,,815,https://localhost:8443/ai/chat/,24
1780789650561,6,POST /ai/chat,429,Too Many Requests,8 - [SIN RL] Sustained 4-5,false,,815,https://localhost:8443/ai/chat/,6
1780789650567,7,POST /ai/chat,429,Too Many Requests,8 - [SIN RL] Sustained 4-5,false,,815,https://localhost:8443/ai/chat/,7
1780789650575,4,POST /ai/chat,429,Too Many Requests,8 - [SIN RL] Sustained 4-5,false,,815,https://localhost:8443/ai/chat/,4
1780789650580,7,POST /ai/chat,429,Too Many Requests,8 - [SIN RL] Sustained 4-5,false,,815,https://localhost:8443/ai/chat/,7
1780789650588,4,POST /ai/chat,429,Too Many Requests,8 - [SIN RL] Sustained 4-5,false,,815,https://localhost:8443/ai/chat/,4
1780789650592,6,POST /ai/chat,429,Too Many Requests,8 - [SIN RL] Sustained 4-5,false,,815,https://localhost:8443/ai/chat/,6
1780789650598,3,POST /ai/chat,429,Too Many Requests,8 - [SIN RL] Sustained 4-5,false,,815,https://localhost:8443/ai/chat/,3
1780789650602,2,POST /ai/chat,429,Too Many Requests,8 - [SIN RL] Sustained 4-5,false,,815,https://localhost:8443/ai/chat/,2
1780789650611,6,POST /ai/chat,429,Too Many Requests,8 - [SIN RL] Sustained 4-5,false,,815,https://localhost:8443/ai/chat/,6
1780789650617,5,POST /ai/chat,429,Too Many Requests,8 - [SIN RL] Sustained 4-5,false,,815,https://localhost:8443/ai/chat/,5
1780789650623,6,POST /ai/chat,429,Too Many Requests,8 - [SIN RL] Sustained 4-5,false,,815,https://localhost:8443/ai/chat/,6
1780789650630,3,POST /ai/chat,429,Too Many Requests,8 - [SIN RL] Sustained 4-5,false,,815,https://localhost:8443/ai/chat/,3
1780789650634,8,POST /ai/chat,429,Too Many Requests,8 - [SIN RL] Sustained 4-5,false,,815,https://localhost:8443/ai/chat/,7
1780789650642,7,POST /ai/chat,429,Too Many Requests,8 - [SIN RL] Sustained 4-5,false,,815,https://localhost:8443/ai/chat/,7
1780789650649,14,POST /ai/chat,429,Too Many Requests,8 - [SIN RL] Sustained 4-5,false,,815,https://localhost:8443/ai/chat/,13
1780789650663,7,POST /ai/chat,429,Too Many Requests,8 - [SIN RL] Sustained 4-5,false,,815,https://localhost:8443/ai/chat/,7
1780789650670,10,POST /ai/chat,429,Too Many Requests,8 - [SIN RL] Sustained 4-5,false,,815,https://localhost:8443/ai/chat/,9
1780789650680,7,POST /ai/chat,429,Too Many Requests,8 - [SIN RL] Sustained 4-5,false,,815,https://localhost:8443/ai/chat/,7
1780789650688,6,POST /ai/chat,429,Too Many Requests,8 - [SIN RL] Sustained 4-5,false,,815,https://localhost:8443/ai/chat/,6
1780789654537,18,POST /ai/chat,429,Too Many Requests,8 - [SIN RL] Sustained 4-6,false,,815,https://localhost:8443/ai/chat/,18
1780789654555,7,POST /ai/chat,429,Too Many Requests,8 - [SIN RL] Sustained 4-6,false,,815,https://localhost:8443/ai/chat/,7
1780789654562,5,POST /ai/chat,429,Too Many Requests,8 - [SIN RL] Sustained 4-6,false,,815,https://localhost:8443/ai/chat/,5
1780789654568,4,POST /ai/chat,429,Too Many Requests,8 - [SIN RL] Sustained 4-6,false,,815,https://localhost:8443/ai/chat/,4
1780789654573,6,POST /ai/chat,429,Too Many Requests,8 - [SIN RL] Sustained 4-6,false,,815,https://localhost:8443/ai/chat/,6
1780789654579,6,POST /ai/chat,429,Too Many Requests,8 - [SIN RL] Sustained 4-6,false,,815,https://localhost:8443/ai/chat/,6
1780789654585,7,POST /ai/chat,429,Too Many Requests,8 - [SIN RL] Sustained 4-6,false,,815,https://localhost:8443/ai/chat/,7
1780789654592,4,POST /ai/chat,429,Too Many Requests,8 - [SIN RL] Sustained 4-6,false,,815,https://localhost:8443/ai/chat/,4
1780789654596,4,POST /ai/chat,429,Too Many Requests,8 - [SIN RL] Sustained 4-6,false,,815,https://localhost:8443/ai/chat/,4
1780789654601,5,POST /ai/chat,429,Too Many Requests,8 - [SIN RL] Sustained 4-6,false,,815,https://localhost:8443/ai/chat/,5
1780789654606,6,POST /ai/chat,429,Too Many Requests,8 - [SIN RL] Sustained 4-6,false,,815,https://localhost:8443/ai/chat/,6
1780789654624,5,POST /ai/chat,429,Too Many Requests,8 - [SIN RL] Sustained 4-6,false,,815,https://localhost:8443/ai/chat/,5
1780789654631,4,POST /ai/chat,429,Too Many Requests,8 - [SIN RL] Sustained 4-6,false,,815,https://localhost:8443/ai/chat/,4
1780789654636,3,POST /ai/chat,429,Too Many Requests,8 - [SIN RL] Sustained 4-6,false,,815,https://localhost:8443/ai/chat/,3
1780789654639,4,POST /ai/chat,429,Too Many Requests,8 - [SIN RL] Sustained 4-6,false,,815,https://localhost:8443/ai/chat/,4
1780789654643,2,POST /ai/chat,429,Too Many Requests,8 - [SIN RL] Sustained 4-6,false,,815,https://localhost:8443/ai/chat/,2
1780789654645,3,POST /ai/chat,429,Too Many Requests,8 - [SIN RL] Sustained 4-6,false,,815,https://localhost:8443/ai/chat/,3
1780789654649,2,POST /ai/chat,429,Too Many Requests,8 - [SIN RL] Sustained 4-6,false,,815,https://localhost:8443/ai/chat/,2
1780789654651,4,POST /ai/chat,429,Too Many Requests,8 - [SIN RL] Sustained 4-6,false,,815,https://localhost:8443/ai/chat/,4
1780789654655,3,POST /ai/chat,429,Too Many Requests,8 - [SIN RL] Sustained 4-6,false,,815,https://localhost:8443/ai/chat/,3
1780789658535,11,POST /ai/chat,429,Too Many Requests,8 - [SIN RL] Sustained 4-7,false,,815,https://localhost:8443/ai/chat/,11
1780789658546,3,POST /ai/chat,429,Too Many Requests,8 - [SIN RL] Sustained 4-7,false,,815,https://localhost:8443/ai/chat/,3
1780789658549,4,POST /ai/chat,429,Too Many Requests,8 - [SIN RL] Sustained 4-7,false,,815,https://localhost:8443/ai/chat/,4
1780789658553,4,POST /ai/chat,429,Too Many Requests,8 - [SIN RL] Sustained 4-7,false,,815,https://localhost:8443/ai/chat/,4
1780789658557,3,POST /ai/chat,429,Too Many Requests,8 - [SIN RL] Sustained 4-7,false,,815,https://localhost:8443/ai/chat/,3
1780789658560,3,POST /ai/chat,429,Too Many Requests,8 - [SIN RL] Sustained 4-7,false,,815,https://localhost:8443/ai/chat/,3
1780789658564,3,POST /ai/chat,429,Too Many Requests,8 - [SIN RL] Sustained 4-7,false,,815,https://localhost:8443/ai/chat/,3
1780789658567,3,POST /ai/chat,429,Too Many Requests,8 - [SIN RL] Sustained 4-7,false,,815,https://localhost:8443/ai/chat/,3
1780789658571,3,POST /ai/chat,429,Too Many Requests,8 - [SIN RL] Sustained 4-7,false,,815,https://localhost:8443/ai/chat/,2
1780789658574,2,POST /ai/chat,429,Too Many Requests,8 - [SIN RL] Sustained 4-7,false,,815,https://localhost:8443/ai/chat/,2
1780789658577,2,POST /ai/chat,429,Too Many Requests,8 - [SIN RL] Sustained 4-7,false,,815,https://localhost:8443/ai/chat/,2
1780789658579,3,POST /ai/chat,429,Too Many Requests,8 - [SIN RL] Sustained 4-7,false,,815,https://localhost:8443/ai/chat/,3
1780789658582,3,POST /ai/chat,429,Too Many Requests,8 - [SIN RL] Sustained 4-7,false,,815,https://localhost:8443/ai/chat/,3
1780789658585,3,POST /ai/chat,429,Too Many Requests,8 - [SIN RL] Sustained 4-7,false,,815,https://localhost:8443/ai/chat/,3
1780789658588,3,POST /ai/chat,429,Too Many Requests,8 - [SIN RL] Sustained 4-7,false,,815,https://localhost:8443/ai/chat/,3
1780789658591,3,POST /ai/chat,429,Too Many Requests,8 - [SIN RL] Sustained 4-7,false,,815,https://localhost:8443/ai/chat/,3
1780789658594,3,POST /ai/chat,429,Too Many Requests,8 - [SIN RL] Sustained 4-7,false,,815,https://localhost:8443/ai/chat/,2
1780789658597,4,POST /ai/chat,429,Too Many Requests,8 - [SIN RL] Sustained 4-7,false,,815,https://localhost:8443/ai/chat/,4
1780789658602,3,POST /ai/chat,429,Too Many Requests,8 - [SIN RL] Sustained 4-7,false,,815,https://localhost:8443/ai/chat/,3
1780789658606,3,POST /ai/chat,429,Too Many Requests,8 - [SIN RL] Sustained 4-7,false,,815,https://localhost:8443/ai/chat/,3
1780789662543,9,POST /ai/chat,429,Too Many Requests,8 - [SIN RL] Sustained 4-8,false,,815,https://localhost:8443/ai/chat/,9
1780789662552,2,POST /ai/chat,429,Too Many Requests,8 - [SIN RL] Sustained 4-8,false,,815,https://localhost:8443/ai/chat/,2
1780789662555,2,POST /ai/chat,429,Too Many Requests,8 - [SIN RL] Sustained 4-8,false,,815,https://localhost:8443/ai/chat/,2
1780789662558,2,POST /ai/chat,429,Too Many Requests,8 - [SIN RL] Sustained 4-8,false,,815,https://localhost:8443/ai/chat/,2
1780789662560,3,POST /ai/chat,429,Too Many Requests,8 - [SIN RL] Sustained 4-8,false,,815,https://localhost:8443/ai/chat/,3
1780789662564,2,POST /ai/chat,429,Too Many Requests,8 - [SIN RL] Sustained 4-8,false,,815,https://localhost:8443/ai/chat/,2
1780789662567,2,POST /ai/chat,429,Too Many Requests,8 - [SIN RL] Sustained 4-8,false,,815,https://localhost:8443/ai/chat/,2
1780789662570,2,POST /ai/chat,429,Too Many Requests,8 - [SIN RL] Sustained 4-8,false,,815,https://localhost:8443/ai/chat/,2
1780789662572,3,POST /ai/chat,429,Too Many Requests,8 - [SIN RL] Sustained 4-8,false,,815,https://localhost:8443/ai/chat/,3
1780789662575,3,POST /ai/chat,429,Too Many Requests,8 - [SIN RL] Sustained 4-8,false,,815,https://localhost:8443/ai/chat/,3
1780789662578,2,POST /ai/chat,429,Too Many Requests,8 - [SIN RL] Sustained 4-8,false,,815,https://localhost:8443/ai/chat/,2
1780789662581,2,POST /ai/chat,429,Too Many Requests,8 - [SIN RL] Sustained 4-8,false,,815,https://localhost:8443/ai/chat/,2
1780789662583,3,POST /ai/chat,429,Too Many Requests,8 - [SIN RL] Sustained 4-8,false,,815,https://localhost:8443/ai/chat/,3
1780789662586,2,POST /ai/chat,429,Too Many Requests,8 - [SIN RL] Sustained 4-8,false,,815,https://localhost:8443/ai/chat/,2
1780789662588,3,POST /ai/chat,429,Too Many Requests,8 - [SIN RL] Sustained 4-8,false,,815,https://localhost:8443/ai/chat/,3
1780789662591,3,POST /ai/chat,429,Too Many Requests,8 - [SIN RL] Sustained 4-8,false,,815,https://localhost:8443/ai/chat/,3
1780789662594,2,POST /ai/chat,429,Too Many Requests,8 - [SIN RL] Sustained 4-8,false,,815,https://localhost:8443/ai/chat/,2
1780789662597,2,POST /ai/chat,429,Too Many Requests,8 - [SIN RL] Sustained 4-8,false,,815,https://localhost:8443/ai/chat/,2
1780789662600,2,POST /ai/chat,429,Too Many Requests,8 - [SIN RL] Sustained 4-8,false,,815,https://localhost:8443/ai/chat/,2
1780789662602,3,POST /ai/chat,429,Too Many Requests,8 - [SIN RL] Sustained 4-8,false,,815,https://localhost:8443/ai/chat/,3
1780789666535,8,POST /ai/chat,429,Too Many Requests,8 - [SIN RL] Sustained 4-9,false,,815,https://localhost:8443/ai/chat/,8
1780789666543,2,POST /ai/chat,429,Too Many Requests,8 - [SIN RL] Sustained 4-9,false,,815,https://localhost:8443/ai/chat/,2
1780789666545,3,POST /ai/chat,429,Too Many Requests,8 - [SIN RL] Sustained 4-9,false,,815,https://localhost:8443/ai/chat/,3
1780789666548,2,POST /ai/chat,429,Too Many Requests,8 - [SIN RL] Sustained 4-9,false,,815,https://localhost:8443/ai/chat/,2
1780789666551,2,POST /ai/chat,429,Too Many Requests,8 - [SIN RL] Sustained 4-9,false,,815,https://localhost:8443/ai/chat/,2
1780789666553,2,POST /ai/chat,429,Too Many Requests,8 - [SIN RL] Sustained 4-9,false,,815,https://localhost:8443/ai/chat/,2
1780789666555,3,POST /ai/chat,429,Too Many Requests,8 - [SIN RL] Sustained 4-9,false,,815,https://localhost:8443/ai/chat/,3
1780789666558,2,POST /ai/chat,429,Too Many Requests,8 - [SIN RL] Sustained 4-9,false,,815,https://localhost:8443/ai/chat/,2
1780789666560,2,POST /ai/chat,429,Too Many Requests,8 - [SIN RL] Sustained 4-9,false,,815,https://localhost:8443/ai/chat/,2
1780789666562,3,POST /ai/chat,429,Too Many Requests,8 - [SIN RL] Sustained 4-9,false,,815,https://localhost:8443/ai/chat/,3
1780789666565,2,POST /ai/chat,429,Too Many Requests,8 - [SIN RL] Sustained 4-9,false,,815,https://localhost:8443/ai/chat/,1
1780789666567,2,POST /ai/chat,429,Too Many Requests,8 - [SIN RL] Sustained 4-9,false,,815,https://localhost:8443/ai/chat/,2
1780789666569,2,POST /ai/chat,429,Too Many Requests,8 - [SIN RL] Sustained 4-9,false,,815,https://localhost:8443/ai/chat/,2
1780789666571,3,POST /ai/chat,429,Too Many Requests,8 - [SIN RL] Sustained 4-9,false,,815,https://localhost:8443/ai/chat/,3
1780789666574,3,POST /ai/chat,429,Too Many Requests,8 - [SIN RL] Sustained 4-9,false,,815,https://localhost:8443/ai/chat/,2
1780789666577,2,POST /ai/chat,429,Too Many Requests,8 - [SIN RL] Sustained 4-9,false,,815,https://localhost:8443/ai/chat/,2
1780789666579,2,POST /ai/chat,429,Too Many Requests,8 - [SIN RL] Sustained 4-9,false,,815,https://localhost:8443/ai/chat/,2
1780789666581,3,POST /ai/chat,429,Too Many Requests,8 - [SIN RL] Sustained 4-9,false,,815,https://localhost:8443/ai/chat/,3
1780789666584,2,POST /ai/chat,429,Too Many Requests,8 - [SIN RL] Sustained 4-9,false,,815,https://localhost:8443/ai/chat/,2
1780789666586,2,POST /ai/chat,429,Too Many Requests,8 - [SIN RL] Sustained 4-9,false,,815,https://localhost:8443/ai/chat/,2
1780789670536,15,POST /ai/chat,429,Too Many Requests,8 - [SIN RL] Sustained 4-10,false,,815,https://localhost:8443/ai/chat/,15
1780789670551,2,POST /ai/chat,429,Too Many Requests,8 - [SIN RL] Sustained 4-10,false,,815,https://localhost:8443/ai/chat/,2
1780789670554,2,POST /ai/chat,429,Too Many Requests,8 - [SIN RL] Sustained 4-10,false,,815,https://localhost:8443/ai/chat/,2
1780789670556,2,POST /ai/chat,429,Too Many Requests,8 - [SIN RL] Sustained 4-10,false,,815,https://localhost:8443/ai/chat/,2
1780789670558,2,POST /ai/chat,429,Too Many Requests,8 - [SIN RL] Sustained 4-10,false,,815,https://localhost:8443/ai/chat/,2
1780789670560,3,POST /ai/chat,429,Too Many Requests,8 - [SIN RL] Sustained 4-10,false,,815,https://localhost:8443/ai/chat/,3
1780789670563,3,POST /ai/chat,429,Too Many Requests,8 - [SIN RL] Sustained 4-10,false,,815,https://localhost:8443/ai/chat/,3
1780789670566,2,POST /ai/chat,429,Too Many Requests,8 - [SIN RL] Sustained 4-10,false,,815,https://localhost:8443/ai/chat/,2
1780789670568,3,POST /ai/chat,429,Too Many Requests,8 - [SIN RL] Sustained 4-10,false,,815,https://localhost:8443/ai/chat/,3
1780789670571,2,POST /ai/chat,429,Too Many Requests,8 - [SIN RL] Sustained 4-10,false,,815,https://localhost:8443/ai/chat/,2
1780789670573,2,POST /ai/chat,429,Too Many Requests,8 - [SIN RL] Sustained 4-10,false,,815,https://localhost:8443/ai/chat/,2
1780789670575,2,POST /ai/chat,429,Too Many Requests,8 - [SIN RL] Sustained 4-10,false,,815,https://localhost:8443/ai/chat/,2
1780789670578,2,POST /ai/chat,429,Too Many Requests,8 - [SIN RL] Sustained 4-10,false,,815,https://localhost:8443/ai/chat/,2
1780789670580,4,POST /ai/chat,429,Too Many Requests,8 - [SIN RL] Sustained 4-10,false,,815,https://localhost:8443/ai/chat/,4
1780789670584,3,POST /ai/chat,429,Too Many Requests,8 - [SIN RL] Sustained 4-10,false,,815,https://localhost:8443/ai/chat/,3
1780789670587,2,POST /ai/chat,429,Too Many Requests,8 - [SIN RL] Sustained 4-10,false,,815,https://localhost:8443/ai/chat/,2
1780789670589,3,POST /ai/chat,429,Too Many Requests,8 - [SIN RL] Sustained 4-10,false,,815,https://localhost:8443/ai/chat/,3
1780789670592,2,POST /ai/chat,429,Too Many Requests,8 - [SIN RL] Sustained 4-10,false,,815,https://localhost:8443/ai/chat/,2
1780789670594,2,POST /ai/chat,429,Too Many Requests,8 - [SIN RL] Sustained 4-10,false,,815,https://localhost:8443/ai/chat/,2
1780789670597,2,POST /ai/chat,429,Too Many Requests,8 - [SIN RL] Sustained 4-10,false,,815,https://localhost:8443/ai/chat/,2
1780789674535,10,POST /ai/chat,429,Too Many Requests,8 - [SIN RL] Sustained 4-11,false,,815,https://localhost:8443/ai/chat/,10
1780789674545,3,POST /ai/chat,429,Too Many Requests,8 - [SIN RL] Sustained 4-11,false,,815,https://localhost:8443/ai/chat/,3
1780789674548,2,POST /ai/chat,429,Too Many Requests,8 - [SIN RL] Sustained 4-11,false,,815,https://localhost:8443/ai/chat/,2
1780789674550,3,POST /ai/chat,429,Too Many Requests,8 - [SIN RL] Sustained 4-11,false,,815,https://localhost:8443/ai/chat/,3
1780789674553,3,POST /ai/chat,429,Too Many Requests,8 - [SIN RL] Sustained 4-11,false,,815,https://localhost:8443/ai/chat/,3
1780789674556,3,POST /ai/chat,429,Too Many Requests,8 - [SIN RL] Sustained 4-11,false,,815,https://localhost:8443/ai/chat/,3
1780789674559,4,POST /ai/chat,429,Too Many Requests,8 - [SIN RL] Sustained 4-11,false,,815,https://localhost:8443/ai/chat/,4
1780789674563,3,POST /ai/chat,429,Too Many Requests,8 - [SIN RL] Sustained 4-11,false,,815,https://localhost:8443/ai/chat/,3
1780789674566,3,POST /ai/chat,429,Too Many Requests,8 - [SIN RL] Sustained 4-11,false,,815,https://localhost:8443/ai/chat/,3
1780789674569,2,POST /ai/chat,429,Too Many Requests,8 - [SIN RL] Sustained 4-11,false,,815,https://localhost:8443/ai/chat/,2
1780789674571,3,POST /ai/chat,429,Too Many Requests,8 - [SIN RL] Sustained 4-11,false,,815,https://localhost:8443/ai/chat/,3
1780789674574,3,POST /ai/chat,429,Too Many Requests,8 - [SIN RL] Sustained 4-11,false,,815,https://localhost:8443/ai/chat/,3
1780789674577,2,POST /ai/chat,429,Too Many Requests,8 - [SIN RL] Sustained 4-11,false,,815,https://localhost:8443/ai/chat/,2
1780789674579,2,POST /ai/chat,429,Too Many Requests,8 - [SIN RL] Sustained 4-11,false,,815,https://localhost:8443/ai/chat/,2
1780789674581,3,POST /ai/chat,429,Too Many Requests,8 - [SIN RL] Sustained 4-11,false,,815,https://localhost:8443/ai/chat/,3
1780789674584,2,POST /ai/chat,429,Too Many Requests,8 - [SIN RL] Sustained 4-11,false,,815,https://localhost:8443/ai/chat/,2
1780789674586,2,POST /ai/chat,429,Too Many Requests,8 - [SIN RL] Sustained 4-11,false,,815,https://localhost:8443/ai/chat/,2
1780789674588,3,POST /ai/chat,429,Too Many Requests,8 - [SIN RL] Sustained 4-11,false,,815,https://localhost:8443/ai/chat/,3
1780789674591,2,POST /ai/chat,429,Too Many Requests,8 - [SIN RL] Sustained 4-11,false,,815,https://localhost:8443/ai/chat/,2
1780789674593,2,POST /ai/chat,429,Too Many Requests,8 - [SIN RL] Sustained 4-11,false,,815,https://localhost:8443/ai/chat/,2
1780789678548,9,POST /ai/chat,429,Too Many Requests,8 - [SIN RL] Sustained 4-12,false,,815,https://localhost:8443/ai/chat/,9
1780789678558,5,POST /ai/chat,429,Too Many Requests,8 - [SIN RL] Sustained 4-12,false,,815,https://localhost:8443/ai/chat/,5
1780789678563,5,POST /ai/chat,429,Too Many Requests,8 - [SIN RL] Sustained 4-12,false,,815,https://localhost:8443/ai/chat/,5
1780789678568,4,POST /ai/chat,429,Too Many Requests,8 - [SIN RL] Sustained 4-12,false,,815,https://localhost:8443/ai/chat/,4
1780789678572,6,POST /ai/chat,429,Too Many Requests,8 - [SIN RL] Sustained 4-12,false,,815,https://localhost:8443/ai/chat/,6
1780789678578,6,POST /ai/chat,429,Too Many Requests,8 - [SIN RL] Sustained 4-12,false,,815,https://localhost:8443/ai/chat/,6
1780789678585,4,POST /ai/chat,429,Too Many Requests,8 - [SIN RL] Sustained 4-12,false,,815,https://localhost:8443/ai/chat/,4
1780789678590,10,POST /ai/chat,429,Too Many Requests,8 - [SIN RL] Sustained 4-12,false,,815,https://localhost:8443/ai/chat/,10
1780789678600,6,POST /ai/chat,429,Too Many Requests,8 - [SIN RL] Sustained 4-12,false,,815,https://localhost:8443/ai/chat/,6
1780789678606,6,POST /ai/chat,429,Too Many Requests,8 - [SIN RL] Sustained 4-12,false,,815,https://localhost:8443/ai/chat/,6
1780789678612,3,POST /ai/chat,429,Too Many Requests,8 - [SIN RL] Sustained 4-12,false,,815,https://localhost:8443/ai/chat/,3
1780789678615,5,POST /ai/chat,429,Too Many Requests,8 - [SIN RL] Sustained 4-12,false,,815,https://localhost:8443/ai/chat/,5
1780789678620,5,POST /ai/chat,429,Too Many Requests,8 - [SIN RL] Sustained 4-12,false,,815,https://localhost:8443/ai/chat/,5
1780789678626,3,POST /ai/chat,429,Too Many Requests,8 - [SIN RL] Sustained 4-12,false,,815,https://localhost:8443/ai/chat/,3
1780789678629,5,POST /ai/chat,429,Too Many Requests,8 - [SIN RL] Sustained 4-12,false,,815,https://localhost:8443/ai/chat/,5
1780789678634,4,POST /ai/chat,429,Too Many Requests,8 - [SIN RL] Sustained 4-12,false,,815,https://localhost:8443/ai/chat/,4
1780789678638,5,POST /ai/chat,429,Too Many Requests,8 - [SIN RL] Sustained 4-12,false,,815,https://localhost:8443/ai/chat/,5
1780789678643,4,POST /ai/chat,429,Too Many Requests,8 - [SIN RL] Sustained 4-12,false,,815,https://localhost:8443/ai/chat/,4
1780789678648,4,POST /ai/chat,429,Too Many Requests,8 - [SIN RL] Sustained 4-12,false,,815,https://localhost:8443/ai/chat/,4
1780789678653,4,POST /ai/chat,429,Too Many Requests,8 - [SIN RL] Sustained 4-12,false,,815,https://localhost:8443/ai/chat/,4
1780789682535,10,POST /ai/chat,429,Too Many Requests,8 - [SIN RL] Sustained 4-13,false,,815,https://localhost:8443/ai/chat/,10
1780789682545,3,POST /ai/chat,429,Too Many Requests,8 - [SIN RL] Sustained 4-13,false,,815,https://localhost:8443/ai/chat/,2
1780789682548,2,POST /ai/chat,429,Too Many Requests,8 - [SIN RL] Sustained 4-13,false,,815,https://localhost:8443/ai/chat/,2
1780789682550,3,POST /ai/chat,429,Too Many Requests,8 - [SIN RL] Sustained 4-13,false,,815,https://localhost:8443/ai/chat/,3
1780789682553,2,POST /ai/chat,429,Too Many Requests,8 - [SIN RL] Sustained 4-13,false,,815,https://localhost:8443/ai/chat/,2
1780789682555,2,POST /ai/chat,429,Too Many Requests,8 - [SIN RL] Sustained 4-13,false,,815,https://localhost:8443/ai/chat/,2
1780789682557,3,POST /ai/chat,429,Too Many Requests,8 - [SIN RL] Sustained 4-13,false,,815,https://localhost:8443/ai/chat/,3
1780789682560,2,POST /ai/chat,429,Too Many Requests,8 - [SIN RL] Sustained 4-13,false,,815,https://localhost:8443/ai/chat/,2
1780789682562,2,POST /ai/chat,429,Too Many Requests,8 - [SIN RL] Sustained 4-13,false,,815,https://localhost:8443/ai/chat/,2
1780789682565,2,POST /ai/chat,429,Too Many Requests,8 - [SIN RL] Sustained 4-13,false,,815,https://localhost:8443/ai/chat/,2
1780789682568,2,POST /ai/chat,429,Too Many Requests,8 - [SIN RL] Sustained 4-13,false,,815,https://localhost:8443/ai/chat/,1
1780789682570,2,POST /ai/chat,429,Too Many Requests,8 - [SIN RL] Sustained 4-13,false,,815,https://localhost:8443/ai/chat/,2
1780789682572,3,POST /ai/chat,429,Too Many Requests,8 - [SIN RL] Sustained 4-13,false,,815,https://localhost:8443/ai/chat/,3
1780789682575,4,POST /ai/chat,429,Too Many Requests,8 - [SIN RL] Sustained 4-13,false,,815,https://localhost:8443/ai/chat/,4
1780789682579,3,POST /ai/chat,429,Too Many Requests,8 - [SIN RL] Sustained 4-13,false,,815,https://localhost:8443/ai/chat/,3
1780789682582,5,POST /ai/chat,429,Too Many Requests,8 - [SIN RL] Sustained 4-13,false,,815,https://localhost:8443/ai/chat/,5
1780789682587,4,POST /ai/chat,429,Too Many Requests,8 - [SIN RL] Sustained 4-13,false,,815,https://localhost:8443/ai/chat/,4
1780789682591,4,POST /ai/chat,429,Too Many Requests,8 - [SIN RL] Sustained 4-13,false,,815,https://localhost:8443/ai/chat/,4
1780789682595,2,POST /ai/chat,429,Too Many Requests,8 - [SIN RL] Sustained 4-13,false,,815,https://localhost:8443/ai/chat/,2
1780789682598,2,POST /ai/chat,429,Too Many Requests,8 - [SIN RL] Sustained 4-13,false,,815,https://localhost:8443/ai/chat/,1
1780789686546,15,POST /ai/chat,429,Too Many Requests,8 - [SIN RL] Sustained 4-14,false,,815,https://localhost:8443/ai/chat/,15
1780789686561,3,POST /ai/chat,429,Too Many Requests,8 - [SIN RL] Sustained 4-14,false,,815,https://localhost:8443/ai/chat/,3
1780789686565,4,POST /ai/chat,429,Too Many Requests,8 - [SIN RL] Sustained 4-14,false,,815,https://localhost:8443/ai/chat/,4
1780789686569,3,POST /ai/chat,429,Too Many Requests,8 - [SIN RL] Sustained 4-14,false,,815,https://localhost:8443/ai/chat/,3
1780789686572,4,POST /ai/chat,429,Too Many Requests,8 - [SIN RL] Sustained 4-14,false,,815,https://localhost:8443/ai/chat/,4
1780789686575,3,POST /ai/chat,429,Too Many Requests,8 - [SIN RL] Sustained 4-14,false,,815,https://localhost:8443/ai/chat/,3
1780789686578,4,POST /ai/chat,429,Too Many Requests,8 - [SIN RL] Sustained 4-14,false,,815,https://localhost:8443/ai/chat/,4
1780789686582,3,POST /ai/chat,429,Too Many Requests,8 - [SIN RL] Sustained 4-14,false,,815,https://localhost:8443/ai/chat/,3
1780789686585,3,POST /ai/chat,429,Too Many Requests,8 - [SIN RL] Sustained 4-14,false,,815,https://localhost:8443/ai/chat/,3
1780789686588,4,POST /ai/chat,429,Too Many Requests,8 - [SIN RL] Sustained 4-14,false,,815,https://localhost:8443/ai/chat/,4
1780789686592,3,POST /ai/chat,429,Too Many Requests,8 - [SIN RL] Sustained 4-14,false,,815,https://localhost:8443/ai/chat/,3
1780789686596,2,POST /ai/chat,429,Too Many Requests,8 - [SIN RL] Sustained 4-14,false,,815,https://localhost:8443/ai/chat/,2
1780789686598,4,POST /ai/chat,429,Too Many Requests,8 - [SIN RL] Sustained 4-14,false,,815,https://localhost:8443/ai/chat/,4
1780789686602,3,POST /ai/chat,429,Too Many Requests,8 - [SIN RL] Sustained 4-14,false,,815,https://localhost:8443/ai/chat/,3
1780789686605,4,POST /ai/chat,429,Too Many Requests,8 - [SIN RL] Sustained 4-14,false,,815,https://localhost:8443/ai/chat/,4
1780789686609,3,POST /ai/chat,429,Too Many Requests,8 - [SIN RL] Sustained 4-14,false,,815,https://localhost:8443/ai/chat/,3
1780789686613,3,POST /ai/chat,429,Too Many Requests,8 - [SIN RL] Sustained 4-14,false,,815,https://localhost:8443/ai/chat/,3
1780789686616,3,POST /ai/chat,429,Too Many Requests,8 - [SIN RL] Sustained 4-14,false,,815,https://localhost:8443/ai/chat/,2
1780789686619,4,POST /ai/chat,429,Too Many Requests,8 - [SIN RL] Sustained 4-14,false,,815,https://localhost:8443/ai/chat/,4
1780789686623,3,POST /ai/chat,429,Too Many Requests,8 - [SIN RL] Sustained 4-14,false,,815,https://localhost:8443/ai/chat/,3
1780789690539,9,POST /ai/chat,429,Too Many Requests,8 - [SIN RL] Sustained 4-15,false,,815,https://localhost:8443/ai/chat/,9
1780789690548,4,POST /ai/chat,429,Too Many Requests,8 - [SIN RL] Sustained 4-15,false,,815,https://localhost:8443/ai/chat/,4
1780789690552,3,POST /ai/chat,429,Too Many Requests,8 - [SIN RL] Sustained 4-15,false,,815,https://localhost:8443/ai/chat/,3
1780789690555,3,POST /ai/chat,429,Too Many Requests,8 - [SIN RL] Sustained 4-15,false,,815,https://localhost:8443/ai/chat/,3
1780789690558,3,POST /ai/chat,429,Too Many Requests,8 - [SIN RL] Sustained 4-15,false,,815,https://localhost:8443/ai/chat/,3
1780789690562,3,POST /ai/chat,429,Too Many Requests,8 - [SIN RL] Sustained 4-15,false,,815,https://localhost:8443/ai/chat/,3
1780789690565,2,POST /ai/chat,429,Too Many Requests,8 - [SIN RL] Sustained 4-15,false,,815,https://localhost:8443/ai/chat/,2
1780789690567,4,POST /ai/chat,429,Too Many Requests,8 - [SIN RL] Sustained 4-15,false,,815,https://localhost:8443/ai/chat/,4
1780789690572,4,POST /ai/chat,429,Too Many Requests,8 - [SIN RL] Sustained 4-15,false,,815,https://localhost:8443/ai/chat/,4
1780789690576,3,POST /ai/chat,429,Too Many Requests,8 - [SIN RL] Sustained 4-15,false,,815,https://localhost:8443/ai/chat/,3
1780789690580,2,POST /ai/chat,429,Too Many Requests,8 - [SIN RL] Sustained 4-15,false,,815,https://localhost:8443/ai/chat/,2
1780789690582,3,POST /ai/chat,429,Too Many Requests,8 - [SIN RL] Sustained 4-15,false,,815,https://localhost:8443/ai/chat/,3
1780789690585,3,POST /ai/chat,429,Too Many Requests,8 - [SIN RL] Sustained 4-15,false,,815,https://localhost:8443/ai/chat/,3
1780789690588,3,POST /ai/chat,429,Too Many Requests,8 - [SIN RL] Sustained 4-15,false,,815,https://localhost:8443/ai/chat/,3
1780789690591,4,POST /ai/chat,429,Too Many Requests,8 - [SIN RL] Sustained 4-15,false,,815,https://localhost:8443/ai/chat/,4
1780789690595,2,POST /ai/chat,429,Too Many Requests,8 - [SIN RL] Sustained 4-15,false,,815,https://localhost:8443/ai/chat/,2
1780789690597,4,POST /ai/chat,429,Too Many Requests,8 - [SIN RL] Sustained 4-15,false,,815,https://localhost:8443/ai/chat/,4
1780789690601,3,POST /ai/chat,429,Too Many Requests,8 - [SIN RL] Sustained 4-15,false,,815,https://localhost:8443/ai/chat/,3
1780789690604,4,POST /ai/chat,429,Too Many Requests,8 - [SIN RL] Sustained 4-15,false,,815,https://localhost:8443/ai/chat/,4
1780789690608,2,POST /ai/chat,429,Too Many Requests,8 - [SIN RL] Sustained 4-15,false,,815,https://localhost:8443/ai/chat/,2
1780789830678,8574,POST /ai/chat,200,OK,8 - [SIN RL] Sustained 4-2,true,,659,https://localhost:8443/ai/chat/,8574
1780789826680,14064,POST /ai/chat,200,OK,8 - [SIN RL] Sustained 4-1,true,,659,https://localhost:8443/ai/chat/,14064
1780789839253,6493,POST /ai/chat,200,OK,8 - [SIN RL] Sustained 4-2,true,,659,https://localhost:8443/ai/chat/,6493
1780789838674,8505,POST /ai/chat,200,OK,8 - [SIN RL] Sustained 4-4,true,,659,https://localhost:8443/ai/chat/,8505
1780789834673,12621,POST /ai/chat,200,OK,8 - [SIN RL] Sustained 4-3,true,,659,https://localhost:8443/ai/chat/,12621
1780789845747,6510,POST /ai/chat,200,OK,8 - [SIN RL] Sustained 4-2,true,,659,https://localhost:8443/ai/chat/,6510
1780789852256,668,POST /ai/chat,200,OK,8 - [SIN RL] Sustained 4-2,true,,1094,https://localhost:8443/ai/chat/,668
1780789842675,10490,POST /ai/chat,200,OK,8 - [SIN RL] Sustained 4-5,true,,659,https://localhost:8443/ai/chat/,10490
1780789840745,12670,POST /ai/chat,200,OK,8 - [SIN RL] Sustained 4-1,true,,659,https://localhost:8443/ai/chat/,12670
1780789847294,12537,POST /ai/chat,200,OK,8 - [SIN RL] Sustained 4-3,true,,659,https://localhost:8443/ai/chat/,12537
1780789850677,9540,POST /ai/chat,200,OK,8 - [SIN RL] Sustained 4-7,true,,659,https://localhost:8443/ai/chat/,9540
1780789846687,13537,POST /ai/chat,200,OK,8 - [SIN RL] Sustained 4-6,true,,659,https://localhost:8443/ai/chat/,13537
1780789847179,13465,POST /ai/chat,200,OK,8 - [SIN RL] Sustained 4-4,true,,659,https://localhost:8443/ai/chat/,13465
1780789853164,14578,POST /ai/chat,200,OK,8 - [SIN RL] Sustained 4-5,true,,659,https://localhost:8443/ai/chat/,14578
1780789860217,7641,POST /ai/chat,200,OK,8 - [SIN RL] Sustained 4-7,true,,659,https://localhost:8443/ai/chat/,7641
1780789853415,14651,POST /ai/chat,200,OK,8 - [SIN RL] Sustained 4-1,true,,659,https://localhost:8443/ai/chat/,14651
1780789854673,13494,POST /ai/chat,200,OK,8 - [SIN RL] Sustained 4-8,true,,659,https://localhost:8443/ai/chat/,13494
1780789858684,9656,POST /ai/chat,200,OK,8 - [SIN RL] Sustained 4-9,true,,659,https://localhost:8443/ai/chat/,9656
1780789852924,15494,POST /ai/chat,200,OK,8 - [SIN RL] Sustained 4-2,true,,659,https://localhost:8443/ai/chat/,15494
1780789866687,2487,POST /ai/chat,200,OK,8 - [SIN RL] Sustained 4-11,true,,659,https://localhost:8443/ai/chat/,2487
1780789860645,8568,POST /ai/chat,200,OK,8 - [SIN RL] Sustained 4-4,true,,659,https://localhost:8443/ai/chat/,8568
1780789862686,6528,POST /ai/chat,200,OK,8 - [SIN RL] Sustained 4-10,true,,659,https://localhost:8443/ai/chat/,6528
1780789860224,9546,POST /ai/chat,200,OK,8 - [SIN RL] Sustained 4-6,true,,659,https://localhost:8443/ai/chat/,9546
1780789867743,2488,POST /ai/chat,200,OK,8 - [SIN RL] Sustained 4-5,true,,659,https://localhost:8443/ai/chat/,2488
1780789867859,2527,POST /ai/chat,200,OK,8 - [SIN RL] Sustained 4-7,true,,659,https://localhost:8443/ai/chat/,2527
1780789868419,3972,POST /ai/chat,200,OK,8 - [SIN RL] Sustained 4-2,true,,1365,https://localhost:8443/ai/chat/,3972
1780789869174,3524,POST /ai/chat,200,OK,8 - [SIN RL] Sustained 4-11,true,,659,https://localhost:8443/ai/chat/,3524
1780789869213,3521,POST /ai/chat,200,OK,8 - [SIN RL] Sustained 4-4,true,,659,https://localhost:8443/ai/chat/,3521
1780789869214,3522,POST /ai/chat,200,OK,8 - [SIN RL] Sustained 4-10,true,,659,https://localhost:8443/ai/chat/,3522
1780789868340,4526,POST /ai/chat,200,OK,8 - [SIN RL] Sustained 4-9,true,,659,https://localhost:8443/ai/chat/,4526
1780789859832,15663,POST /ai/chat,200,OK,8 - [SIN RL] Sustained 4-3,true,,659,https://localhost:8443/ai/chat/,15663
1780789870231,9925,POST /ai/chat,200,OK,8 - [SIN RL] Sustained 4-5,true,,1254,https://localhost:8443/ai/chat/,9925
1780789870690,9496,POST /ai/chat,200,OK,8 - [SIN RL] Sustained 4-12,true,,659,https://localhost:8443/ai/chat/,9496
1780789870386,9807,POST /ai/chat,200,OK,8 - [SIN RL] Sustained 4-7,true,,659,https://localhost:8443/ai/chat/,9807
1780789869771,10534,POST /ai/chat,200,OK,8 - [SIN RL] Sustained 4-6,true,,659,https://localhost:8443/ai/chat/,10534
1780789868067,12508,POST /ai/chat,200,OK,8 - [SIN RL] Sustained 4-1,true,,659,https://localhost:8443/ai/chat/,12508
1780789868168,12537,POST /ai/chat,200,OK,8 - [SIN RL] Sustained 4-8,true,,659,https://localhost:8443/ai/chat/,12537
1780789872867,14590,POST /ai/chat,200,OK,8 - [SIN RL] Sustained 4-9,true,,659,https://localhost:8443/ai/chat/,14590
1780789872391,15509,POST /ai/chat,200,OK,8 - [SIN RL] Sustained 4-2,true,,659,https://localhost:8443/ai/chat/,15509
1780789874677,13493,POST /ai/chat,200,OK,8 - [SIN RL] Sustained 4-13,true,,659,https://localhost:8443/ai/chat/,13493
1780789875495,12681,POST /ai/chat,200,OK,8 - [SIN RL] Sustained 4-3,true,,659,https://localhost:8443/ai/chat/,12681
1780789872699,15528,POST /ai/chat,200,OK,8 - [SIN RL] Sustained 4-11,true,,659,https://localhost:8443/ai/chat/,15528
1780789872735,15505,POST /ai/chat,200,OK,8 - [SIN RL] Sustained 4-4,true,,659,https://localhost:8443/ai/chat/,15505
1780789872736,15539,POST /ai/chat,200,OK,8 - [SIN RL] Sustained 4-10,true,,659,https://localhost:8443/ai/chat/,15539
1780789878695,9706,POST /ai/chat,200,OK,8 - [SIN RL] Sustained 4-14,true,,659,https://localhost:8443/ai/chat/,9706
1780789880193,14616,POST /ai/chat,200,OK,8 - [SIN RL] Sustained 4-7,true,,659,https://localhost:8443/ai/chat/,14616
1780789880306,14503,POST /ai/chat,200,OK,8 - [SIN RL] Sustained 4-6,true,,659,https://localhost:8443/ai/chat/,14503
1780789880186,14623,POST /ai/chat,200,OK,8 - [SIN RL] Sustained 4-12,true,,659,https://localhost:8443/ai/chat/,14623
1780789880157,14686,POST /ai/chat,200,OK,8 - [SIN RL] Sustained 4-5,true,,659,https://localhost:8443/ai/chat/,14686
1780789888176,6835,POST /ai/chat,200,OK,8 - [SIN RL] Sustained 4-3,true,,1186,https://localhost:8443/ai/chat/,6835
1780789880575,14499,POST /ai/chat,200,OK,8 - [SIN RL] Sustained 4-1,true,,659,https://localhost:8443/ai/chat/,14499
1780789880705,14518,POST /ai/chat,200,OK,8 - [SIN RL] Sustained 4-8,true,,659,https://localhost:8443/ai/chat/,14518
1780789882686,12609,POST /ai/chat,200,OK,8 - [SIN RL] Sustained 4-15,true,,659,https://localhost:8443/ai/chat/,12609
1780789887901,14568,POST /ai/chat,200,OK,8 - [SIN RL] Sustained 4-2,true,,659,https://localhost:8443/ai/chat/,14568
1780789888171,14595,POST /ai/chat,200,OK,8 - [SIN RL] Sustained 4-13,true,,659,https://localhost:8443/ai/chat/,14595
1780789888241,14534,POST /ai/chat,200,OK,8 - [SIN RL] Sustained 4-4,true,,659,https://localhost:8443/ai/chat/,14534
1780789888227,14554,POST /ai/chat,200,OK,8 - [SIN RL] Sustained 4-11,true,,659,https://localhost:8443/ai/chat/,14554
1780789888275,14556,POST /ai/chat,200,OK,8 - [SIN RL] Sustained 4-10,true,,659,https://localhost:8443/ai/chat/,14556
1780789888402,14567,POST /ai/chat,200,OK,8 - [SIN RL] Sustained 4-14,true,,659,https://localhost:8443/ai/chat/,14567
1780789887457,15551,POST /ai/chat,200,OK,8 - [SIN RL] Sustained 4-9,true,,659,https://localhost:8443/ai/chat/,15551
1780789894810,14608,POST /ai/chat,200,OK,8 - [SIN RL] Sustained 4-7,true,,659,https://localhost:8443/ai/chat/,14608
1780789894810,14621,POST /ai/chat,200,OK,8 - [SIN RL] Sustained 4-6,true,,659,https://localhost:8443/ai/chat/,14621
1780789894844,14661,POST /ai/chat,200,OK,8 - [SIN RL] Sustained 4-5,true,,659,https://localhost:8443/ai/chat/,14661
1780789895011,14591,POST /ai/chat,200,OK,8 - [SIN RL] Sustained 4-3,true,,659,https://localhost:8443/ai/chat/,14591
1780789895223,14505,POST /ai/chat,200,OK,8 - [SIN RL] Sustained 4-8,true,,659,https://localhost:8443/ai/chat/,14505
1780789895295,14506,POST /ai/chat,200,OK,8 - [SIN RL] Sustained 4-15,true,,659,https://localhost:8443/ai/chat/,14506
1780789903008,6873,POST /ai/chat,200,OK,8 - [SIN RL] Sustained 4-9,true,,1256,https://localhost:8443/ai/chat/,6873
1780789894810,15605,POST /ai/chat,200,OK,8 - [SIN RL] Sustained 4-12,true,,659,https://localhost:8443/ai/chat/,15605
1780789895074,15491,POST /ai/chat,200,OK,8 - [SIN RL] Sustained 4-1,true,,659,https://localhost:8443/ai/chat/,15491
1780789902782,14580,POST /ai/chat,200,OK,8 - [SIN RL] Sustained 4-11,true,,659,https://localhost:8443/ai/chat/,14580
1780789902776,14598,POST /ai/chat,200,OK,8 - [SIN RL] Sustained 4-4,true,,659,https://localhost:8443/ai/chat/,14598
1780789902767,14643,POST /ai/chat,200,OK,8 - [SIN RL] Sustained 4-13,true,,659,https://localhost:8443/ai/chat/,14643
1780789910564,6847,POST /ai/chat,200,OK,8 - [SIN RL] Sustained 4-1,true,,1211,https://localhost:8443/ai/chat/,6847
1780789902831,14629,POST /ai/chat,200,OK,8 - [SIN RL] Sustained 4-10,true,,659,https://localhost:8443/ai/chat/,14629
1780789902969,14510,POST /ai/chat,200,OK,8 - [SIN RL] Sustained 4-14,true,,659,https://localhost:8443/ai/chat/,14509
1780789902469,15545,POST /ai/chat,200,OK,8 - [SIN RL] Sustained 4-2,true,,659,https://localhost:8443/ai/chat/,15545
1780789909417,15495,POST /ai/chat,200,OK,8 - [SIN RL] Sustained 4-7,true,,659,https://localhost:8443/ai/chat/,15495
1780789910414,14499,POST /ai/chat,200,OK,8 - [SIN RL] Sustained 4-12,true,,659,https://localhost:8443/ai/chat/,14499
1780789909431,15551,POST /ai/chat,200,OK,8 - [SIN RL] Sustained 4-6,true,,659,https://localhost:8443/ai/chat/,15551
1780789909504,15511,POST /ai/chat,200,OK,8 - [SIN RL] Sustained 4-5,true,,659,https://localhost:8443/ai/chat/,15511
1780789909601,15482,POST /ai/chat,200,OK,8 - [SIN RL] Sustained 4-3,true,,659,https://localhost:8443/ai/chat/,15482
1780789909728,15559,POST /ai/chat,200,OK,8 - [SIN RL] Sustained 4-8,true,,659,https://localhost:8443/ai/chat/,15559
1780789909800,15564,POST /ai/chat,200,OK,8 - [SIN RL] Sustained 4-15,true,,659,https://localhost:8443/ai/chat/,15564
1780789909880,15532,POST /ai/chat,200,OK,8 - [SIN RL] Sustained 4-9,true,,659,https://localhost:8443/ai/chat/,15532
1780789917411,14594,POST /ai/chat,200,OK,8 - [SIN RL] Sustained 4-13,true,,659,https://localhost:8443/ai/chat/,14594
1780789917413,14641,POST /ai/chat,200,OK,8 - [SIN RL] Sustained 4-1,true,,659,https://localhost:8443/ai/chat/,14641
1780789917479,14588,POST /ai/chat,200,OK,8 - [SIN RL] Sustained 4-14,true,,659,https://localhost:8443/ai/chat/,14588
1780789917460,14607,POST /ai/chat,200,OK,8 - [SIN RL] Sustained 4-10,true,,659,https://localhost:8443/ai/chat/,14607
1780789925289,6895,POST /ai/chat,200,OK,8 - [SIN RL] Sustained 4-8,true,,1239,https://localhost:8443/ai/chat/,6895
1780789918014,14524,POST /ai/chat,200,OK,8 - [SIN RL] Sustained 4-2,true,,659,https://localhost:8443/ai/chat/,14524
1780789917362,15552,POST /ai/chat,200,OK,8 - [SIN RL] Sustained 4-11,true,,659,https://localhost:8443/ai/chat/,15552
1780789917375,15549,POST /ai/chat,200,OK,8 - [SIN RL] Sustained 4-4,true,,659,https://localhost:8443/ai/chat/,15549
1780789924913,14622,POST /ai/chat,200,OK,8 - [SIN RL] Sustained 4-7,true,,659,https://localhost:8443/ai/chat/,14622
1780789924983,14581,POST /ai/chat,200,OK,8 - [SIN RL] Sustained 4-6,true,,659,https://localhost:8443/ai/chat/,14581
1780789925016,14548,POST /ai/chat,200,OK,8 - [SIN RL] Sustained 4-5,true,,659,https://localhost:8443/ai/chat/,14548
1780789924915,14663,POST /ai/chat,200,OK,8 - [SIN RL] Sustained 4-12,true,,659,https://localhost:8443/ai/chat/,14663
1780789925084,14536,POST /ai/chat,200,OK,8 - [SIN RL] Sustained 4-3,true,,659,https://localhost:8443/ai/chat/,14536
1780789932925,6856,POST /ai/chat,200,OK,8 - [SIN RL] Sustained 4-4,true,,1227,https://localhost:8443/ai/chat/,6856
1780789925366,14567,POST /ai/chat,200,OK,8 - [SIN RL] Sustained 4-15,true,,659,https://localhost:8443/ai/chat/,14567
1780789925413,14601,POST /ai/chat,200,OK,8 - [SIN RL] Sustained 4-9,true,,659,https://localhost:8443/ai/chat/,14601
1780789940015,1748,POST /ai/chat,200,OK,8 - [SIN RL] Sustained 4-9,true,,1208,https://localhost:8443/ai/chat/,1748
1780789932539,9487,POST /ai/chat,200,OK,8 - [SIN RL] Sustained 4-2,true,,659,https://localhost:8443/ai/chat/,9487
1780789932068,14650,POST /ai/chat,200,OK,8 - [SIN RL] Sustained 4-14,true,,659,https://localhost:8443/ai/chat/,14650
1780789932914,14604,POST /ai/chat,200,OK,8 - [SIN RL] Sustained 4-11,true,,659,https://localhost:8443/ai/chat/,14604
1780789932005,15568,POST /ai/chat,200,OK,8 - [SIN RL] Sustained 4-13,true,,659,https://localhost:8443/ai/chat/,15568
1780789932054,15622,POST /ai/chat,200,OK,8 - [SIN RL] Sustained 4-1,true,,659,https://localhost:8443/ai/chat/,15622
1780789932068,15649,POST /ai/chat,200,OK,8 - [SIN RL] Sustained 4-10,true,,659,https://localhost:8443/ai/chat/,15649
1780789932184,15644,POST /ai/chat,200,OK,8 - [SIN RL] Sustained 4-8,true,,659,https://localhost:8443/ai/chat/,15644
1780789939535,9503,POST /ai/chat,200,OK,8 - [SIN RL] Sustained 4-7,true,,659,https://localhost:8443/ai/chat/,9503
1780789939579,9618,POST /ai/chat,200,OK,8 - [SIN RL] Sustained 4-12,true,,659,https://localhost:8443/ai/chat/,9618
1780789939564,9633,POST /ai/chat,200,OK,8 - [SIN RL] Sustained 4-6,true,,659,https://localhost:8443/ai/chat/,9633
1780789939564,9642,POST /ai/chat,200,OK,8 - [SIN RL] Sustained 4-5,true,,659,https://localhost:8443/ai/chat/,9642
1780789939621,9585,POST /ai/chat,200,OK,8 - [SIN RL] Sustained 4-3,true,,659,https://localhost:8443/ai/chat/,9585
1780789939781,9523,POST /ai/chat,200,OK,8 - [SIN RL] Sustained 4-4,true,,659,https://localhost:8443/ai/chat/,9523
1780789939933,9515,POST /ai/chat,200,OK,8 - [SIN RL] Sustained 4-15,true,,659,https://localhost:8443/ai/chat/,9515
1780789947518,2341,POST /ai/chat,200,OK,8 - [SIN RL] Sustained 4-11,true,,1201,https://localhost:8443/ai/chat/,2341
1780789947717,8550,POST /ai/chat,200,OK,8 - [SIN RL] Sustained 4-10,true,,659,https://localhost:8443/ai/chat/,8550
1780789946718,9575,POST /ai/chat,200,OK,8 - [SIN RL] Sustained 4-14,true,,659,https://localhost:8443/ai/chat/,9575
1780789941763,14625,POST /ai/chat,200,OK,8 - [SIN RL] Sustained 4-9,true,,659,https://localhost:8443/ai/chat/,14625
1780789942026,14537,POST /ai/chat,200,OK,8 - [SIN RL] Sustained 4-2,true,,659,https://localhost:8443/ai/chat/,14537
1780789947574,9513,POST /ai/chat,200,OK,8 - [SIN RL] Sustained 4-13,true,,659,https://localhost:8443/ai/chat/,9513
1780789947676,9479,POST /ai/chat,200,OK,8 - [SIN RL] Sustained 4-1,true,,659,https://localhost:8443/ai/chat/,9479
1780789949860,7520,POST /ai/chat,200,OK,8 - [SIN RL] Sustained 4-11,true,,1428,https://localhost:8443/ai/chat/,7520
1780789947829,9567,POST /ai/chat,200,OK,8 - [SIN RL] Sustained 4-8,true,,659,https://localhost:8443/ai/chat/,9567
1780789949038,14647,POST /ai/chat,200,OK,8 - [SIN RL] Sustained 4-7,true,,659,https://localhost:8443/ai/chat/,14646
1780789949197,14690,POST /ai/chat,200,OK,8 - [SIN RL] Sustained 4-6,true,,659,https://localhost:8443/ai/chat/,14690
1780789949197,14693,POST /ai/chat,200,OK,8 - [SIN RL] Sustained 4-12,true,,659,https://localhost:8443/ai/chat/,14693
1780789949206,14701,POST /ai/chat,200,OK,8 - [SIN RL] Sustained 4-5,true,,659,https://localhost:8443/ai/chat/,14701
1780789949305,14631,POST /ai/chat,200,OK,8 - [SIN RL] Sustained 4-4,true,,659,https://localhost:8443/ai/chat/,14631
1780789949206,14791,POST /ai/chat,200,OK,8 - [SIN RL] Sustained 4-3,true,,659,https://localhost:8443/ai/chat/,14791
1780789949449,14590,POST /ai/chat,200,OK,8 - [SIN RL] Sustained 4-15,true,,659,https://localhost:8443/ai/chat/,14590
1780789957155,7541,POST /ai/chat,200,OK,8 - [SIN RL] Sustained 4-1,true,,659,https://localhost:8443/ai/chat/,7541
1780789957088,14637,POST /ai/chat,200,OK,8 - [SIN RL] Sustained 4-13,true,,659,https://localhost:8443/ai/chat/,14637
1780789964038,7821,POST /ai/chat,200,OK,8 - [SIN RL] Sustained 4-15,true,,1194,https://localhost:8443/ai/chat/,7821
1780789956268,15616,POST /ai/chat,200,OK,8 - [SIN RL] Sustained 4-10,true,,659,https://localhost:8443/ai/chat/,15616
1780789956294,15600,POST /ai/chat,200,OK,8 - [SIN RL] Sustained 4-14,true,,659,https://localhost:8443/ai/chat/,15600
1780789957380,14568,POST /ai/chat,200,OK,8 - [SIN RL] Sustained 4-11,true,,659,https://localhost:8443/ai/chat/,14568
1780789956388,15618,POST /ai/chat,200,OK,8 - [SIN RL] Sustained 4-9,true,,659,https://localhost:8443/ai/chat/,15618
1780789957397,14637,POST /ai/chat,200,OK,8 - [SIN RL] Sustained 4-8,true,,659,https://localhost:8443/ai/chat/,14637
1780789956563,15608,POST /ai/chat,200,OK,8 - [SIN RL] Sustained 4-2,true,,659,https://localhost:8443/ai/chat/,15608
1780789964695,19590,POST /ai/chat,200,OK,8 - [SIN RL] Sustained 4-1,true,,659,https://localhost:8443/ai/chat/,19590
1780789963907,20526,POST /ai/chat,200,OK,8 - [SIN RL] Sustained 4-5,true,,659,https://localhost:8443/ai/chat/,20525
1780789971948,12561,POST /ai/chat,200,OK,8 - [SIN RL] Sustained 4-11,true,,1296,https://localhost:8443/ai/chat/,12561
1780789963996,22739,POST /ai/chat,200,OK,8 - [SIN RL] Sustained 4-3,true,,659,https://localhost:8443/ai/chat/,22739
1780789963886,23583,POST /ai/chat,200,OK,8 - [SIN RL] Sustained 4-6,true,,659,https://localhost:8443/ai/chat/,23583
1780789971884,20352,POST /ai/chat,200,OK,8 - [SIN RL] Sustained 4-10,true,,659,https://localhost:8443/ai/chat/,20352
1780789972034,20402,POST /ai/chat,200,OK,8 - [SIN RL] Sustained 4-8,true,,659,https://localhost:8443/ai/chat/,20402
1780789971895,20610,POST /ai/chat,200,OK,8 - [SIN RL] Sustained 4-14,true,,659,https://localhost:8443/ai/chat/,20610
1780789984510,8690,POST /ai/chat,200,OK,8 - [SIN RL] Sustained 4-11,true,,1374,https://localhost:8443/ai/chat/,8689
1780789972171,24391,POST /ai/chat,200,OK,8 - [SIN RL] Sustained 4-2,true,,659,https://localhost:8443/ai/chat/,24391
1780789992235,4584,POST /ai/chat,200,OK,8 - [SIN RL] Sustained 4-10,true,,1348,https://localhost:8443/ai/chat/,4584
1780789971860,26268,POST /ai/chat,200,OK,8 - [SIN RL] Sustained 4-15,true,,659,https://localhost:8443/ai/chat/,26268
1780789971725,26641,POST /ai/chat,200,OK,8 - [SIN RL] Sustained 4-13,true,,659,https://localhost:8443/ai/chat/,26641
1780789972007,26403,POST /ai/chat,200,OK,8 - [SIN RL] Sustained 4-9,true,,659,https://localhost:8443/ai/chat/,26403
1780789963935,35048,POST /ai/chat,200,OK,8 - [SIN RL] Sustained 4-4,true,,659,https://localhost:8443/ai/chat/,35048
1780789963684,35307,POST /ai/chat,200,OK,8 - [SIN RL] Sustained 4-7,true,,659,https://localhost:8443/ai/chat/,35307
1780789963890,35101,POST /ai/chat,200,OK,8 - [SIN RL] Sustained 4-12,true,,659,https://localhost:8443/ai/chat/,35101
1780789996819,5184,POST /ai/chat,200,OK,8 - [SIN RL] Sustained 4-10,true,,1171,https://localhost:8443/ai/chat/,5184
1780789987470,14897,POST /ai/chat,200,OK,8 - [SIN RL] Sustained 4-6,true,,659,https://localhost:8443/ai/chat/,14897
1780789984434,24760,POST /ai/chat,200,OK,8 - [SIN RL] Sustained 4-5,true,,1192,https://localhost:8443/ai/chat/,24760
1780789992504,16919,POST /ai/chat,200,OK,8 - [SIN RL] Sustained 4-14,true,,659,https://localhost:8443/ai/chat/,16919
1780789996562,12900,POST /ai/chat,200,OK,8 - [SIN RL] Sustained 4-2,true,,659,https://localhost:8443/ai/chat/,12900
1780789984286,25260,POST /ai/chat,200,OK,8 - [SIN RL] Sustained 4-1,true,,659,https://localhost:8443/ai/chat/,25260
1780789986736,22853,POST /ai/chat,200,OK,8 - [SIN RL] Sustained 4-3,true,,659,https://localhost:8443/ai/chat/,22853
1780789998992,10597,POST /ai/chat,200,OK,8 - [SIN RL] Sustained 4-7,true,,659,https://localhost:8443/ai/chat/,10597
1780789998993,10656,POST /ai/chat,200,OK,8 - [SIN RL] Sustained 4-12,true,,659,https://localhost:8443/ai/chat/,10656
1780789992435,17265,POST /ai/chat,200,OK,8 - [SIN RL] Sustained 4-8,true,,659,https://localhost:8443/ai/chat/,17265
1780789998985,10731,POST /ai/chat,200,OK,8 - [SIN RL] Sustained 4-4,true,,659,https://localhost:8443/ai/chat/,10731
1780789998128,11714,POST /ai/chat,200,OK,8 - [SIN RL] Sustained 4-15,true,,659,https://localhost:8443/ai/chat/,11714
1780789998366,11651,POST /ai/chat,200,OK,8 - [SIN RL] Sustained 4-13,true,,659,https://localhost:8443/ai/chat/,11651
1780789998410,11619,POST /ai/chat,200,OK,8 - [SIN RL] Sustained 4-9,true,,659,https://localhost:8443/ai/chat/,11619
1780789993199,16907,POST /ai/chat,200,OK,8 - [SIN RL] Sustained 4-11,true,,659,https://localhost:8443/ai/chat/,16907
1780790002004,14573,POST /ai/chat,200,OK,8 - [SIN RL] Sustained 4-10,true,,659,https://localhost:8443/ai/chat/,14573
1780790009702,6962,POST /ai/chat,200,OK,8 - [SIN RL] Sustained 4-8,true,,1309,https://localhost:8443/ai/chat/,6962
1780790002367,14660,POST /ai/chat,200,OK,8 - [SIN RL] Sustained 4-6,true,,659,https://localhost:8443/ai/chat/,14660
1780790009464,14560,POST /ai/chat,200,OK,8 - [SIN RL] Sustained 4-2,true,,659,https://localhost:8443/ai/chat/,14560
1780790009424,14617,POST /ai/chat,200,OK,8 - [SIN RL] Sustained 4-14,true,,659,https://localhost:8443/ai/chat/,14617
1780790009547,14557,POST /ai/chat,200,OK,8 - [SIN RL] Sustained 4-1,true,,659,https://localhost:8443/ai/chat/,14557
1780790009649,14497,POST /ai/chat,200,OK,8 - [SIN RL] Sustained 4-12,true,,659,https://localhost:8443/ai/chat/,14497
1780790009589,14596,POST /ai/chat,200,OK,8 - [SIN RL] Sustained 4-3,true,,659,https://localhost:8443/ai/chat/,14596
1780790009589,14645,POST /ai/chat,200,OK,8 - [SIN RL] Sustained 4-7,true,,659,https://localhost:8443/ai/chat/,14645
1780790010108,14126,POST /ai/chat,200,OK,8 - [SIN RL] Sustained 4-11,true,,1227,https://localhost:8443/ai/chat/,14126
1780790009717,14608,POST /ai/chat,200,OK,8 - [SIN RL] Sustained 4-4,true,,659,https://localhost:8443/ai/chat/,14608
1780790009842,14525,POST /ai/chat,200,OK,8 - [SIN RL] Sustained 4-15,true,,659,https://localhost:8443/ai/chat/,14525
1780790010029,14524,POST /ai/chat,200,OK,8 - [SIN RL] Sustained 4-9,true,,659,https://localhost:8443/ai/chat/,14524
1780790010017,14576,POST /ai/chat,200,OK,8 - [SIN RL] Sustained 4-13,true,,659,https://localhost:8443/ai/chat/,14576
1780790009195,15510,POST /ai/chat,200,OK,8 - [SIN RL] Sustained 4-5,true,,659,https://localhost:8443/ai/chat/,15510
1780790017027,14532,POST /ai/chat,200,OK,8 - [SIN RL] Sustained 4-6,true,,659,https://localhost:8443/ai/chat/,14532
1780790024705,7125,POST /ai/chat,200,OK,8 - [SIN RL] Sustained 4-5,true,,1265,https://localhost:8443/ai/chat/,7125
1780790016577,15572,POST /ai/chat,200,OK,8 - [SIN RL] Sustained 4-10,true,,659,https://localhost:8443/ai/chat/,15572
1780790016664,15526,POST /ai/chat,200,OK,8 - [SIN RL] Sustained 4-8,true,,659,https://localhost:8443/ai/chat/,15526
1780790024023,9538,POST /ai/chat,200,OK,8 - [SIN RL] Sustained 4-2,true,,659,https://localhost:8443/ai/chat/,9538
1780790024040,9534,POST /ai/chat,200,OK,8 - [SIN RL] Sustained 4-14,true,,659,https://localhost:8443/ai/chat/,9534
1780790024552,9472,POST /ai/chat,200,OK,8 - [SIN RL] Sustained 4-9,true,,659,https://localhost:8443/ai/chat/,9472
1780790024592,9478,POST /ai/chat,200,OK,8 - [SIN RL] Sustained 4-13,true,,659,https://localhost:8443/ai/chat/,9478
1780790031831,2277,POST /ai/chat,200,OK,8 - [SIN RL] Sustained 4-5,true,,1309,https://localhost:8443/ai/chat/,2277
1780790024145,14552,POST /ai/chat,200,OK,8 - [SIN RL] Sustained 4-12,true,,659,https://localhost:8443/ai/chat/,14552
1780790024233,14623,POST /ai/chat,200,OK,8 - [SIN RL] Sustained 4-7,true,,659,https://localhost:8443/ai/chat/,14623
1780790024325,14548,POST /ai/chat,200,OK,8 - [SIN RL] Sustained 4-4,true,,659,https://localhost:8443/ai/chat/,14548
1780790024367,14516,POST /ai/chat,200,OK,8 - [SIN RL] Sustained 4-15,true,,659,https://localhost:8443/ai/chat/,14516
1780790024103,15509,POST /ai/chat,200,OK,8 - [SIN RL] Sustained 4-1,true,,659,https://localhost:8443/ai/chat/,15509
1780790024184,15580,POST /ai/chat,200,OK,8 - [SIN RL] Sustained 4-3,true,,659,https://localhost:8443/ai/chat/,15580
1780790024233,15543,POST /ai/chat,200,OK,8 - [SIN RL] Sustained 4-11,true,,659,https://localhost:8443/ai/chat/,15542
1780790031558,9552,POST /ai/chat,200,OK,8 - [SIN RL] Sustained 4-6,true,,659,https://localhost:8443/ai/chat/,9552
1780790039613,1842,POST /ai/chat,200,OK,8 - [SIN RL] Sustained 4-1,true,,1271,https://localhost:8443/ai/chat/,1842
1780790032150,9549,POST /ai/chat,200,OK,8 - [SIN RL] Sustained 4-10,true,,659,https://localhost:8443/ai/chat/,9549
1780790032190,9535,POST /ai/chat,200,OK,8 - [SIN RL] Sustained 4-8,true,,659,https://localhost:8443/ai/chat/,9535
1780790039764,8545,POST /ai/chat,200,OK,8 - [SIN RL] Sustained 4-3,true,,659,https://localhost:8443/ai/chat/,8545
1780790039776,8559,POST /ai/chat,200,OK,8 - [SIN RL] Sustained 4-11,true,,659,https://localhost:8443/ai/chat/,8559
1780790038856,9566,POST /ai/chat,200,OK,8 - [SIN RL] Sustained 4-7,true,,659,https://localhost:8443/ai/chat/,9566
1780790038873,9569,POST /ai/chat,200,OK,8 - [SIN RL] Sustained 4-4,true,,659,https://localhost:8443/ai/chat/,9569
1780790038884,9573,POST /ai/chat,200,OK,8 - [SIN RL] Sustained 4-15,true,,659,https://localhost:8443/ai/chat/,9573
1780790034026,14508,POST /ai/chat,200,OK,8 - [SIN RL] Sustained 4-9,true,,659,https://localhost:8443/ai/chat/,14508
1780790041699,6890,POST /ai/chat,200,OK,8 - [SIN RL] Sustained 4-10,true,,1187,https://localhost:8443/ai/chat/,6890
1780790034109,14482,POST /ai/chat,200,OK,8 - [SIN RL] Sustained 4-5,true,,659,https://localhost:8443/ai/chat/,14482
1780790034080,14540,POST /ai/chat,200,OK,8 - [SIN RL] Sustained 4-13,true,,659,https://localhost:8443/ai/chat/,14540
1780790033562,15504,POST /ai/chat,200,OK,8 - [SIN RL] Sustained 4-2,true,,659,https://localhost:8443/ai/chat/,15504
1780790033575,15529,POST /ai/chat,200,OK,8 - [SIN RL] Sustained 4-14,true,,659,https://localhost:8443/ai/chat/,15529
1780790038697,10633,POST /ai/chat,200,OK,8 - [SIN RL] Sustained 4-12,true,,659,https://localhost:8443/ai/chat/,10633
1780790041455,14533,POST /ai/chat,200,OK,8 - [SIN RL] Sustained 4-1,true,,659,https://localhost:8443/ai/chat/,14533
1780790049065,7075,POST /ai/chat,200,OK,8 - [SIN RL] Sustained 4-2,true,,1311,https://localhost:8443/ai/chat/,7075
1780790041724,14596,POST /ai/chat,200,OK,8 - [SIN RL] Sustained 4-8,true,,659,https://localhost:8443/ai/chat/,14596
1780790041110,15547,POST /ai/chat,200,OK,8 - [SIN RL] Sustained 4-6,true,,659,https://localhost:8443/ai/chat/,15547
1780790048533,14555,POST /ai/chat,200,OK,8 - [SIN RL] Sustained 4-9,true,,659,https://localhost:8443/ai/chat/,14555
1780790048589,14533,POST /ai/chat,200,OK,8 - [SIN RL] Sustained 4-10,true,,659,https://localhost:8443/ai/chat/,14533
1780790048309,15055,POST /ai/chat,200,OK,8 - [SIN RL] Sustained 4-3,true,,1301,https://localhost:8443/ai/chat/,15055
1780790049103,14610,POST /ai/chat,200,OK,8 - [SIN RL] Sustained 4-14,true,,659,https://localhost:8443/ai/chat/,14610
1780790049330,14543,POST /ai/chat,200,OK,8 - [SIN RL] Sustained 4-12,true,,659,https://localhost:8443/ai/chat/,14543
1780790048335,15583,POST /ai/chat,200,OK,8 - [SIN RL] Sustained 4-11,true,,659,https://localhost:8443/ai/chat/,15583
1780790048422,15511,POST /ai/chat,200,OK,8 - [SIN RL] Sustained 4-7,true,,659,https://localhost:8443/ai/chat/,15511
1780790048457,15585,POST /ai/chat,200,OK,8 - [SIN RL] Sustained 4-15,true,,659,https://localhost:8443/ai/chat/,15585
1780790048443,15599,POST /ai/chat,200,OK,8 - [SIN RL] Sustained 4-4,true,,659,https://localhost:8443/ai/chat/,15599
1780790048591,15544,POST /ai/chat,200,OK,8 - [SIN RL] Sustained 4-5,true,,659,https://localhost:8443/ai/chat/,15544
1780790048619,15587,POST /ai/chat,200,OK,8 - [SIN RL] Sustained 4-13,true,,659,https://localhost:8443/ai/chat/,15587
1780790055989,14562,POST /ai/chat,200,OK,8 - [SIN RL] Sustained 4-1,true,,659,https://localhost:8443/ai/chat/,14562
1780790056141,14508,POST /ai/chat,200,OK,8 - [SIN RL] Sustained 4-2,true,,659,https://localhost:8443/ai/chat/,14508
1780790056322,14495,POST /ai/chat,200,OK,8 - [SIN RL] Sustained 4-8,true,,659,https://localhost:8443/ai/chat/,14495
1780790064137,6872,POST /ai/chat,200,OK,8 - [SIN RL] Sustained 4-5,true,,1312,https://localhost:8443/ai/chat/,6872
1780790056659,14566,POST /ai/chat,200,OK,8 - [SIN RL] Sustained 4-6,true,,659,https://localhost:8443/ai/chat/,14566
1780790063874,14510,POST /ai/chat,200,OK,8 - [SIN RL] Sustained 4-12,true,,659,https://localhost:8443/ai/chat/,14510
1780790063919,14546,POST /ai/chat,200,OK,8 - [SIN RL] Sustained 4-11,true,,659,https://localhost:8443/ai/chat/,14546
1780790063934,14533,POST /ai/chat,200,OK,8 - [SIN RL] Sustained 4-7,true,,659,https://localhost:8443/ai/chat/,14533
1780790064044,14493,POST /ai/chat,200,OK,8 - [SIN RL] Sustained 4-4,true,,659,https://localhost:8443/ai/chat/,14493
1780790064043,14582,POST /ai/chat,200,OK,8 - [SIN RL] Sustained 4-15,true,,659,https://localhost:8443/ai/chat/,14582
1780790063123,15503,POST /ai/chat,200,OK,8 - [SIN RL] Sustained 4-10,true,,659,https://localhost:8443/ai/chat/,15503
1780790063090,15560,POST /ai/chat,200,OK,8 - [SIN RL] Sustained 4-9,true,,659,https://localhost:8443/ai/chat/,15560
1780790063726,15061,POST /ai/chat,200,OK,8 - [SIN RL] Sustained 4-14,true,,1343,https://localhost:8443/ai/chat/,15061
1780790063365,15503,POST /ai/chat,200,OK,8 - [SIN RL] Sustained 4-3,true,,659,https://localhost:8443/ai/chat/,15503
1780790064221,14658,POST /ai/chat,200,OK,8 - [SIN RL] Sustained 4-13,true,,659,https://localhost:8443/ai/chat/,14658
1780790070551,15494,POST /ai/chat,200,OK,8 - [SIN RL] Sustained 4-1,true,,659,https://localhost:8443/ai/chat/,15494
1780790071225,14967,POST /ai/chat,200,OK,8 - [SIN RL] Sustained 4-6,true,,1267,https://localhost:8443/ai/chat/,14966
1780790070817,15484,POST /ai/chat,200,OK,8 - [SIN RL] Sustained 4-8,true,,659,https://localhost:8443/ai/chat/,15484
1780790071009,15509,POST /ai/chat,200,OK,8 - [SIN RL] Sustained 4-5,true,,659,https://localhost:8443/ai/chat/,15509
1780790086517,6854,POST /ai/chat,200,OK,8 - [SIN RL] Sustained 4-5,true,,1328,https://localhost:8443/ai/chat/,6853
1780790078869,14518,POST /ai/chat,200,OK,8 - [SIN RL] Sustained 4-3,true,,659,https://localhost:8443/ai/chat/,14518
1780790078879,14540,POST /ai/chat,200,OK,8 - [SIN RL] Sustained 4-13,true,,659,https://localhost:8443/ai/chat/,14540
1780790078384,15540,POST /ai/chat,200,OK,8 - [SIN RL] Sustained 4-12,true,,659,https://localhost:8443/ai/chat/,15540
1780790078468,15548,POST /ai/chat,200,OK,8 - [SIN RL] Sustained 4-7,true,,659,https://localhost:8443/ai/chat/,15548
1780790078538,15556,POST /ai/chat,200,OK,8 - [SIN RL] Sustained 4-4,true,,659,https://localhost:8443/ai/chat/,15556
1780790078465,15653,POST /ai/chat,200,OK,8 - [SIN RL] Sustained 4-11,true,,659,https://localhost:8443/ai/chat/,15653
1780790078627,15512,POST /ai/chat,200,OK,8 - [SIN RL] Sustained 4-10,true,,659,https://localhost:8443/ai/chat/,15512
1780790078625,15555,POST /ai/chat,200,OK,8 - [SIN RL] Sustained 4-15,true,,659,https://localhost:8443/ai/chat/,15555
1780790078650,15603,POST /ai/chat,200,OK,8 - [SIN RL] Sustained 4-9,true,,659,https://localhost:8443/ai/chat/,15603
1780790078787,15501,POST /ai/chat,200,OK,8 - [SIN RL] Sustained 4-14,true,,659,https://localhost:8443/ai/chat/,15501
1780790086191,14544,POST /ai/chat,200,OK,8 - [SIN RL] Sustained 4-6,true,,659,https://localhost:8443/ai/chat/,14544
1780790086044,14828,POST /ai/chat,200,OK,8 - [SIN RL] Sustained 4-1,true,,659,https://localhost:8443/ai/chat/,14828
1780790086300,14609,POST /ai/chat,200,OK,8 - [SIN RL] Sustained 4-8,true,,659,https://localhost:8443/ai/chat/,14609
1780790094119,7396,POST /ai/chat,200,OK,8 - [SIN RL] Sustained 4-11,true,,1503,https://localhost:8443/ai/chat/,7396
1780790094017,14618,POST /ai/chat,200,OK,8 - [SIN RL] Sustained 4-7,true,,659,https://localhost:8443/ai/chat/,14618
1780790094094,14611,POST /ai/chat,200,OK,8 - [SIN RL] Sustained 4-4,true,,659,https://localhost:8443/ai/chat/,14611
1780790094139,14630,POST /ai/chat,200,OK,8 - [SIN RL] Sustained 4-10,true,,659,https://localhost:8443/ai/chat/,14630
1780790094180,14617,POST /ai/chat,200,OK,8 - [SIN RL] Sustained 4-15,true,,659,https://localhost:8443/ai/chat/,14617
1780790093420,15495,POST /ai/chat,200,OK,8 - [SIN RL] Sustained 4-13,true,,659,https://localhost:8443/ai/chat/,15495
1780790094288,14637,POST /ai/chat,200,OK,8 - [SIN RL] Sustained 4-14,true,,659,https://localhost:8443/ai/chat/,14637
1780790094253,14722,POST /ai/chat,200,OK,8 - [SIN RL] Sustained 4-9,true,,659,https://localhost:8443/ai/chat/,14722
1780790093387,15605,POST /ai/chat,200,OK,8 - [SIN RL] Sustained 4-3,true,,659,https://localhost:8443/ai/chat/,15605
1780790093924,15109,POST /ai/chat,200,OK,8 - [SIN RL] Sustained 4-12,true,,1341,https://localhost:8443/ai/chat/,15109
1780790100909,8572,POST /ai/chat,200,OK,8 - [SIN RL] Sustained 4-8,true,,659,https://localhost:8443/ai/chat/,8571
1780790109482,6787,POST /ai/chat,200,OK,8 - [SIN RL] Sustained 4-8,true,,1015,https://localhost:8443/ai/chat/,6787
1780790100735,15562,POST /ai/chat,200,OK,8 - [SIN RL] Sustained 4-6,true,,659,https://localhost:8443/ai/chat/,15562
1780790108993,14537,POST /ai/chat,200,OK,8 - [SIN RL] Sustained 4-3,true,,659,https://localhost:8443/ai/chat/,14537
1780790108925,14647,POST /ai/chat,200,OK,8 - [SIN RL] Sustained 4-14,true,,659,https://localhost:8443/ai/chat/,14647
1780790108975,14627,POST /ai/chat,200,OK,8 - [SIN RL] Sustained 4-9,true,,659,https://localhost:8443/ai/chat/,14627
1780790109033,14576,POST /ai/chat,200,OK,8 - [SIN RL] Sustained 4-12,true,,659,https://localhost:8443/ai/chat/,14576
1780790108915,15100,POST /ai/chat,200,OK,8 - [SIN RL] Sustained 4-13,true,,1244,https://localhost:8443/ai/chat/,15100
1780790108635,15574,POST /ai/chat,200,OK,8 - [SIN RL] Sustained 4-7,true,,659,https://localhost:8443/ai/chat/,15574
1780790108797,15526,POST /ai/chat,200,OK,8 - [SIN RL] Sustained 4-15,true,,659,https://localhost:8443/ai/chat/,15526
1780790116297,14587,POST /ai/chat,200,OK,8 - [SIN RL] Sustained 4-6,true,,659,https://localhost:8443/ai/chat/,14587
1780790124024,6923,POST /ai/chat,200,OK,8 - [SIN RL] Sustained 4-13,true,,1146,https://localhost:8443/ai/chat/,6923
1780790130948,6903,POST /ai/chat,200,OK,8 - [SIN RL] Sustained 4-13,true,,1282,https://localhost:8443/ai/chat/,6903
1780790123608,14522,POST /ai/chat,200,OK,8 - [SIN RL] Sustained 4-12,true,,659,https://localhost:8443/ai/chat/,14522
1780790123571,14656,POST /ai/chat,200,OK,8 - [SIN RL] Sustained 4-14,true,,659,https://localhost:8443/ai/chat/,14656
1780790124322,14583,POST /ai/chat,200,OK,8 - [SIN RL] Sustained 4-15,true,,659,https://localhost:8443/ai/chat/,14583
1780790137850,7803,POST /ai/chat,200,OK,8 - [SIN RL] Sustained 4-13,true,,1279,https://localhost:8443/ai/chat/,7803
1780790138227,14501,POST /ai/chat,200,OK,8 - [SIN RL] Sustained 4-14,true,,659,https://localhost:8443/ai/chat/,14501
1780790138130,15253,POST /ai/chat,200,OK,8 - [SIN RL] Sustained 4-12,true,,1177,https://localhost:8443/ai/chat/,15253
1780790138905,14578,POST /ai/chat,200,OK,8 - [SIN RL] Sustained 4-15,true,,659,https://localhost:8443/ai/chat/,14578
1780790153384,6852,POST /ai/chat,200,OK,8 - [SIN RL] Sustained 4-12,true,,1235,https://localhost:8443/ai/chat/,6852
1780790152729,15121,POST /ai/chat,200,OK,8 - [SIN RL] Sustained 4-14,true,,1292,https://localhost:8443/ai/chat/,15121
1780790153484,14545,POST /ai/chat,200,OK,8 - [SIN RL] Sustained 4-15,true,,659,https://localhost:8443/ai/chat/,14545
